ProviderNbr,NpiNbr,FirstName,LastName,Email,Prefix,FTE,ProviderCategory,SpecialityCode
216332,187719108,Tonya,Zuniga,tonya.zuniga@datacourse.com,,1.0,Physician Assistant,97
215759,187700570,Bradley,Zhang,bradley.zhang@datacourse.com,,0.9,Nurse Practitioner,50
215806,187716326,Jason,Yoder,jason.yoder@datacourse.com,,1.0,Nurse Practitioner,50
215760,187720694,John,Yates,john.yates@datacourse.com,,1.0,Nurse Practitioner,50
216264,187714896,Victoria,Willis,victoria.willis@datacourse.com,,0.37,Nurse Practitioner,50
216403,187703274,Christian,Williams,christian.williams@datacourse.com,,0.18,Nurse Practitioner,50
212304,187723866,Elizabeth,Wiggins,elizabeth.wiggins@datacourse.com,,0.09,Social Worker - Clinical,80
216297,187724308,Brandy,Wells,brandy.wells@datacourse.com,,0.5,Physician Assistant,97
215260,187708396,Jacob,Webster,jacob.webster@datacourse.com,,1.0,Nurse Practitioner,50
215607,187711152,James,Watts,james.watts@datacourse.com,,0.25,Physician Assistant,97
216635,187719056,Jared,Warren,jared.warren@datacourse.com,,0.9,Nurse Practitioner,50
216020,187710528,Janice,Velez,janice.velez@datacourse.com,,1.0,Nurse Practitioner,50
218381,187710528,Mariah,Velez,mariah.velez@datacourse.com,,1.0,Nurse Practitioner,50
216105,187719888,Suzanne,Vega,suzanne.vega@datacourse.com,,1.0,Nurse Practitioner,50
216515,187715234,Jessica,Vasquez,jessica.vasquez@datacourse.com,,0.25,Physician Assistant,97
215648,187719862,Lori,Vance,lori.vance@datacourse.com,,1.0,Physician Assistant,97
216124,187708188,Kevin,Valencia,kevin.valencia@datacourse.com,,0.5,Nurse Practitioner,50
215833,187715364,Herbert,Tyler,herbert.tyler@datacourse.com,,1.0,Nurse Practitioner,50
216570,187715806,Alexander,Turner,alexander.turner@datacourse.com,,0.9,Physician Assistant,97
216728,187705172,Elizabeth,Trevino,elizabeth.trevino@datacourse.com,,0.9,Nurse Practitioner,50
215370,187706082,Richard,Strong,richard.strong@datacourse.com,,0.9,Nurse Practitioner,50
216561,187720590,Brett,Soto,brett.soto@datacourse.com,,1.0,Physician Assistant,97
215609,187702676,Cassandra,Sosa,cassandra.sosa@datacourse.com,,1.0,Nurse Practitioner,50
217513,187714298,Steven,Snyder,steven.snyder@datacourse.com,,0.9,Physician Assistant,97
216531,187707356,Donald,Simpson,donald.simpson@datacourse.com,,0.9,Physician Assistant,97
216596,187720642,John,Sharp,john.sharp@datacourse.com,,0.75,Nurse Practitioner,50
217240,187713232,Connie,Sellers,connie.sellers@datacourse.com,,0.17,Physician Assistant,97
215994,187714740,Joshua,Schmidt,joshua.schmidt@datacourse.com,,1.0,Nurse Practitioner,50
216988,187706576,Andrew,Saunders,andrew.saunders@datacourse.com,,0.9,Physician Assistant,97
215872,187706550,Henry,Santiago,henry.santiago@datacourse.com,,1.0,Physician Assistant,97
216777,187707200,Teresa,Santana,teresa.santana@datacourse.com,,1.0,Physician Assistant,97
216583,187721214,Cynthia,Salas,cynthia.salas@datacourse.com,,1.0,Registered Nurse,43
215844,187716716,Dennis,Roy,dennis.roy@datacourse.com,,1.0,Physician Assistant,97
215448,187719420,Deborah,Roth,deborah.roth@datacourse.com,,0.13,Physician Assistant,97
216522,187715624,Kyle,Rivera,kyle.rivera@datacourse.com,,1.0,Physician Assistant,97
217295,187718172,Michelle,Ritter,michelle.ritter@datacourse.com,,0.75,Nurse Practitioner,50
216579,187699946,John,Rich,john.rich@datacourse.com,,0.16,Physician Assistant,97
216005,187721708,Kathleen,Rice,kathleen.rice@datacourse.com,,1.0,Physician Assistant,97
215196,187718432,Matthew,Reyes,matthew.reyes@datacourse.com,,0.9,Physician Assistant,97
215224,187712426,Timothy,Reed,timothy.reed@datacourse.com,,1.0,Nurse Practitioner,50
216298,187717418,Brianna,Raymond,brianna.raymond@datacourse.com,,0.9,Nurse Practitioner,50
215322,187710918,Keith,Rasmussen,keith.rasmussen@datacourse.com,,0.5,Nurse Practitioner,50
215810,187716534,Michael,Rangel,michael.rangel@datacourse.com,,1.0,Nurse Practitioner,50
216254,187712062,Ashley,Prince,ashley.prince@datacourse.com,,1.0,Nurse Practitioner,50
215442,187718224,Amanda,Powell,amanda.powell@datacourse.com,,1.0,Nurse Practitioner,50
216208,187720668,Victor,Poole,victor.poole@datacourse.com,,0.5,Nurse Practitioner,50
215235,187703924,Janice,Ponce,janice.ponce@datacourse.com,,1.0,Physician Assistant,97
217187,187706524,Melanie,Pollard,melanie.pollard@datacourse.com,,0.9,Physician Assistant,97
216670,187701532,Michael,Pierce,michael.pierce@datacourse.com,,1.0,Physician Assistant,97
215385,187721422,Krystal,Phillips,krystal.phillips@datacourse.com,,1.0,Nurse Practitioner,50
216543,187710320,Amanda,Petty,amanda.petty@datacourse.com,,1.0,Physician Assistant,97
215494,187724126,Yolanda,Petersen,yolanda.petersen@datacourse.com,,1.0,Nurse Practitioner,50
216542,187720980,Ann,Peters,ann.peters@datacourse.com,,0.75,Nurse Practitioner,50
215497,187713492,Katrina,Perkins,katrina.perkins@datacourse.com,,1.0,Physician Assistant,97
215480,187723580,Angela,Pennington,angela.pennington@datacourse.com,,1.0,Physician Assistant,97
215932,187701688,Christopher,Owens,christopher.owens@datacourse.com,,0.16,Nurse Practitioner,50
215570,187702650,Alexandra,Ortega,alexandra.ortega@datacourse.com,,0.5,Physician Assistant,97
215441,187712842,Mason,Oneill,mason.oneill@datacourse.com,,0.75,Physician Assistant,97
217114,187710892,Jordan,Oliver,jordan.oliver@datacourse.com,,0.9,Nurse Practitioner,50
216719,187712790,Lee,Odonnell,lee.odonnell@datacourse.com,,0.9,Physician Assistant,97
215907,187704912,Sherry,Oconnor,sherry.oconnor@datacourse.com,,1.0,Nurse Practitioner,50
216608,187717652,Christine,Norris,christine.norris@datacourse.com,,1.0,Nurse Practitioner,50
217037,187709228,Mark,Nixon,mark.nixon@datacourse.com,,0.6,Physician Assistant,97
217309,187706264,Lisa,Nguyen,lisa.nguyen@datacourse.com,,0.0,Physician Assistant,97
218448,187718822,Mary,Neal,mary.neal@datacourse.com,,0.11,Social Worker - Clinical,80
215357,187718536,Jeffrey,Navarro,jeffrey.navarro@datacourse.com,,0.9,Nurse Practitioner,50
216833,187716066,Billy,Nash,billy.nash@datacourse.com,,0.9,Physician Assistant,97
215564,187711828,Erin,Munoz,erin.munoz@datacourse.com,,0.9,Nurse Practitioner,50
216953,187708682,Paula,Mullen,paula.mullen@datacourse.com,,0.9,Physician Assistant,97
216062,187708032,Edwin,Moyer,edwin.moyer@datacourse.com,,1.0,Nurse Practitioner,50
217626,187709540,Mary,Mosley,mary.mosley@datacourse.com,,0.44,Nurse Practitioner,50
216071,187716664,Denise,Morse,denise.morse@datacourse.com,,1.0,Registered Nurse,43
215960,187712036,Connie,Morrow,connie.morrow@datacourse.com,,1.0,Nurse Practitioner,50
215484,187721006,Samantha,Montgomery,samantha.montgomery@datacourse.com,,0.9,Physician Assistant,97
215840,187709956,John,Miranda,john.miranda@datacourse.com,,1.0,Physician Assistant,97
216016,187708370,Donna,Mills,donna.mills@datacourse.com,,1.0,Nurse Practitioner,50
212444,187708448,Chad,Miller,chad.miller@datacourse.com,,0.41,Psychologist,68
216459,187711256,Kevin,Michael,kevin.michael@datacourse.com,,1.0,Physician Assistant,97
215936,187717860,Hannah,Meyers,hannah.meyers@datacourse.com,,0.75,Nurse Practitioner,50
215857,187719446,Daniel,Mercado,daniel.mercado@datacourse.com,,1.0,Physician Assistant,97
217093,187711854,Carl,Mcmillan,carl.mcmillan@datacourse.com,,0.9,Nurse Practitioner,50
216882,187706134,Kevin,Mckee,kevin.mckee@datacourse.com,,0.8,Physician Assistant,97
216646,187709904,Tony,Mcintosh,tony.mcintosh@datacourse.com,,0.9,Registered Nurse,43
215740,187701662,Shane,Mcfarland,shane.mcfarland@datacourse.com,,1.0,Nurse Practitioner,50
216775,187712816,Victoria,Mcdowell,victoria.mcdowell@datacourse.com,,0.63,Nurse Practitioner,50
216470,187715390,Manuel,Mcdonald,manuel.mcdonald@datacourse.com,,1.0,Nurse Practitioner,50
215432,187721188,Steven,Mccann,steven.mccann@datacourse.com,,1.0,Nurse Practitioner,50
216061,187724022,Joseph,Martin,joseph.martin@datacourse.com,,0.5,Nurse Practitioner,50
215301,187704730,Elizabeth,Marshall,elizabeth.marshall@datacourse.com,,1.0,Nurse Practitioner,50
217721,187714324,Susan,Marsh,susan.marsh@datacourse.com,,0.5,Nurse Practitioner,50
215986,187711750,Laura,Malone,laura.malone@datacourse.com,,1.0,Physician Assistant,97
212332,187723554,Caitlin,Mahoney,caitlin.mahoney@datacourse.com,,0.1,Psychologist,68
215262,187716612,Brian,Madden,brian.madden@datacourse.com,,0.3,Nurse Practitioner,50
217785,187708500,Clifford,Lynch,clifford.lynch@datacourse.com,,0.0,Physician Assistant,97
213767,187712582,Nicole,Lowery,nicole.lowery@datacourse.com,,0.16,Social Worker - Clinical,80
216892,187705198,Isaac,Long,isaac.long@datacourse.com,,0.9,Nurse Practitioner,50
216098,187710606,Melissa,Lindsey,melissa.lindsey@datacourse.com,,0.75,Physician Assistant,97
215856,187702130,Katherine,Leon,katherine.leon@datacourse.com,,0.45,Nurse Practitioner,50
216848,187718484,Russell,Le,russell.le@datacourse.com,,1.0,Nurse Practitioner,50
216983,187700050,Cheyenne,Lamb,cheyenne.lamb@datacourse.com,,1.0,Nurse Practitioner,50
214180,187717028,Jose,Knight,jose.knight@datacourse.com,,1.0,Physician Assistant,97
216211,187703248,Melissa,Klein,melissa.klein@datacourse.com,,0.9,Nurse Practitioner,50
215835,187719602,Jaime,Kirby,jaime.kirby@datacourse.com,,1.0,Nurse Practitioner,50
215592,187713830,Todd,Key,todd.key@datacourse.com,,0.96,Physician Assistant,97
216557,187703508,Anthony,Keith,anthony.keith@datacourse.com,,0.02,Midwife,42
215304,187715026,Robert,Kaufman,robert.kaufman@datacourse.com,,1.0,Physician Assistant,97
216700,187719758,James,Juarez,james.juarez@datacourse.com,,0.39,Nurse Practitioner,50
218256,187714714,Lindsay,Johnson,lindsay.johnson@datacourse.com,,0.2,Nurse Practitioner,50
215368,187707382,Marie,Johns,marie.johns@datacourse.com,,1.0,Nurse Practitioner,50
216503,187719966,Laura,Jacobs,laura.jacobs@datacourse.com,,1.0,Nurse Practitioner,50
217432,187703820,Mark,Irwin,mark.irwin@datacourse.com,,1.0,Physician Assistant,97
216714,187717964,Carla,Huber,carla.huber@datacourse.com,,0.75,Physician Assistant,97
215635,187712946,Lauren,Horne,lauren.horne@datacourse.com,,0.07,Physician Assistant,97
211846,187722306,George,Horn,george.horn@datacourse.com,,0.04,Psychologist,68
216825,187714116,Amber,Hopkins,amber.hopkins@datacourse.com,,1.0,Nurse Practitioner,50
217052,187706966,Elizabeth,Hodges,elizabeth.hodges@datacourse.com,,1.0,Nurse Practitioner,50
215756,187720148,Brian,Hodge,brian.hodge@datacourse.com,,0.75,Nurse Practitioner,50
215939,187717886,Crystal,Hobbs,crystal.hobbs@datacourse.com,,1.0,Nurse Practitioner,50
216450,187721838,Erin,Higgins,erin.higgins@datacourse.com,,1.0,Physician Assistant,97
216709,187718198,Rachel,Hickman,rachel.hickman@datacourse.com,,1.0,Physician Assistant,97
216362,187720928,David,Herrera,david.herrera@datacourse.com,,0.9,Physician Assistant,97
215983,187721812,Robert,Hernandez,robert.hernandez@datacourse.com,,1.0,Physician Assistant,97
215460,187717106,Thomas,Henry,thomas.henry@datacourse.com,,0.9,Nurse Practitioner,50
215694,187717938,Kenneth,Henderson,kenneth.henderson@datacourse.com,,0.75,Nurse Practitioner,50
216369,187714948,Fred,Hebert,fred.hebert@datacourse.com,,1.0,Nurse Practitioner,50
215716,187722332,Robert,Harris,robert.harris@datacourse.com,,1.0,Physician Assistant,97
215808,187703612,Lisa,Harmon,lisa.harmon@datacourse.com,,0.8,Nurse Practitioner,50
216159,187705146,Timothy,Hansen,timothy.hansen@datacourse.com,,1.0,Nurse Practitioner,50
215777,187714402,Alexa,Hanna,alexa.hanna@datacourse.com,,0.07,Physician Assistant,97
215535,187701636,Michael,Hall,michael.hall@datacourse.com,,1.0,Physician Assistant,97
214432,187708422,Randall,Griffith,randall.griffith@datacourse.com,,0.1,Psychologist,68
215814,187706290,Dakota,Gomez,dakota.gomez@datacourse.com,,1.0,Nurse Practitioner,50
215334,187723242,Barbara,Gilbert,barbara.gilbert@datacourse.com,,1.0,Nurse Practitioner,50
215908,187716144,Christine,Gibbs,christine.gibbs@datacourse.com,,1.0,Physician Assistant,97
217423,187711776,Kevin,Gentry,kevin.gentry@datacourse.com,,1.0,Nurse Practitioner,50
216617,187715260,Robin,Gay,robin.gay@datacourse.com,,0.09,Physician Assistant,97
216917,187705822,Tammy,Garner,tammy.garner@datacourse.com,,1.0,Nurse Practitioner,50
215585,187709046,Robert,Fuller,robert.fuller@datacourse.com,,1.0,Physician Assistant,97
216296,187703794,Haley,Fuentes,haley.fuentes@datacourse.com,,1.0,Physician Assistant,97
216759,187702702,Michele,Fry,michele.fry@datacourse.com,,0.75,Nurse Practitioner,50
216870,187709488,Scott,Fritz,scott.fritz@datacourse.com,,0.6,Nurse Practitioner,50
216845,187703326,Matthew,Franklin,matthew.franklin@datacourse.com,,1.0,Physician Assistant,97
216929,187720954,Katherine,Foster,katherine.foster@datacourse.com,,1.0,Nurse Practitioner,50
215586,187700596,Anna,Foley,anna.foley@datacourse.com,,1.0,Physician Assistant,97
216357,187717444,Caitlin,Fletcher,caitlin.fletcher@datacourse.com,,0.5,Nurse Practitioner,50
217075,187704340,Megan,Ferrell,megan.ferrell@datacourse.com,,0.9,Physician Assistant,97
215552,187706758,Desiree,Faulkner,desiree.faulkner@datacourse.com,,1.0,Nurse Practitioner,50
217168,187709124,Jason,Farrell,jason.farrell@datacourse.com,,0.9,Physician Assistant,97
218239,187709332,Carlos,Ellison,carlos.ellison@datacourse.com,,0.14,Physician Assistant,97
216011,187706914,Vanessa,Edwards,vanessa.edwards@datacourse.com,,0.9,Physician Assistant,97
216316,187704496,Joseph,Dunlap,joseph.dunlap@datacourse.com,,1.0,Physician Assistant,97
216715,187702572,Morgan,Douglas,morgan.douglas@datacourse.com,,1.0,Physician Assistant,97
218370,187707174,Jennifer,Dougherty,jennifer.dougherty@datacourse.com,,0.36,Social Worker - Clinical,80
215418,187701714,Danny,Dorsey,danny.dorsey@datacourse.com,,1.0,Nurse Practitioner,50
215341,187715416,Christine,Donovan,christine.donovan@datacourse.com,,0.48,Psychologist,68
215455,187719914,Alexandria,Dixon,alexandria.dixon@datacourse.com,,0.9,Physician Assistant,97
215228,187717132,Lisa,Dickson,lisa.dickson@datacourse.com,,1.0,Nurse Practitioner,50
215901,187723216,Bradley,Dennis,bradley.dennis@datacourse.com,,1.0,Nurse Practitioner,50
215601,187709202,Laura,Davies,laura.davies@datacourse.com,,0.9,Physician Assistant,97
216028,187711932,Madeline,Daugherty,madeline.daugherty@datacourse.com,,1.0,Nurse Practitioner,50
216504,187711178,Margaret,Daniels,margaret.daniels@datacourse.com,,1.0,Nurse Practitioner,50
216581,187712400,David,Curry,david.curry@datacourse.com,,1.0,Physician Assistant,97
215580,187711100,Frank,Cordova,frank.cordova@datacourse.com,,1.0,Physician Assistant,97
216477,187717756,Connie,Cooper,connie.cooper@datacourse.com,,1.0,Nurse Practitioner,50
215721,187718848,Lisa,Compton,lisa.compton@datacourse.com,,1.0,Nurse Practitioner,50
215387,187709748,Sylvia,Combs,sylvia.combs@datacourse.com,,1.0,Nurse Practitioner,50
216041,187700154,Scott,Coffey,scott.coffey@datacourse.com,,0.9,Physician Assistant,97
216096,187715546,Victoria,Clayton,victoria.clayton@datacourse.com,,1.0,Nurse Practitioner,50
215300,187713648,Danielle,Chung,danielle.chung@datacourse.com,,1.0,Nurse Practitioner,50
216276,187721734,Nathan,Christensen,nathan.christensen@datacourse.com,,0.75,Nurse Practitioner,50
215865,187701974,Jessica,Chambers,jessica.chambers@datacourse.com,,1.0,Nurse Practitioner,50
211008,187719082,Dylan,Carroll,dylan.carroll@datacourse.com,,0.43,Social Worker - Clinical,80
215947,187705744,Michael,Campos,michael.campos@datacourse.com,,1.0,Physician Assistant,97
216333,187708786,Brent,Cameron,brent.cameron@datacourse.com,,0.24,Psychologist,68
213596,187701376,Cathy,Camacho,cathy.camacho@datacourse.com,,0.11,Physician Assistant,97
216765,187717158,Matthew,Callahan,matthew.callahan@datacourse.com,,1.0,Physician Assistant,97
215949,187724334,Caitlin,Burgess,caitlin.burgess@datacourse.com,,0.05,Physician Assistant,97
213803,187707642,Samantha,Buchanan,samantha.buchanan@datacourse.com,,0.29,Psychologist,68
217025,187713778,Linda,Bryant,linda.bryant@datacourse.com,,0.9,Nurse Practitioner,50
216891,187714662,Holly,Brock,holly.brock@datacourse.com,,1.0,Nurse Practitioner,50
215221,187700882,Michele,Bradley,michele.bradley@datacourse.com,,0.75,Physician Assistant,97
216144,187713752,Joel,Bonilla,joel.bonilla@datacourse.com,,1.0,Nurse Practitioner,50
215321,187715598,Crystal,Blankenship,crystal.blankenship@datacourse.com,,0.07,Midwife,42
216384,187715572,Andrew,Bird,andrew.bird@datacourse.com,,1.0,Physician Assistant,97
215297,187721162,Daisy,Best,daisy.best@datacourse.com,,0.5,Physician Assistant,97
216080,187719342,Emily,Bernard,emily.bernard@datacourse.com,,0.3,Nurse Practitioner,50
215298,187719706,Wendy,Beltran,wendy.beltran@datacourse.com,,1.0,Specialist,89
216121,187716794,Timothy,Beard,timothy.beard@datacourse.com,,0.9,Nurse Practitioner,50
215632,187710294,Eric,Bauer,eric.bauer@datacourse.com,,1.0,Physician Assistant,97
216409,187713180,Elizabeth,Barrett,elizabeth.barrett@datacourse.com,,0.9,Nurse Practitioner,50
215323,187711412,Sharon,Arnold,sharon.arnold@datacourse.com,,0.9,Nurse Practitioner,50
218052,187707434,William,Andrade,william.andrade@datacourse.com,,0.9,Nurse Practitioner,50
216789,187706108,Cody,Adkins,cody.adkins@datacourse.com,,1.0,Nurse Practitioner,50
216717,187707044,Anthony,Acosta,anthony.acosta@datacourse.com,,1.0,Nurse Practitioner,50
215176,187702858,Joseph,Bruce,joseph.bruce@datacourse.com,Dr.,0.65,Diagnostic Radiology,30
215178,187717990,Michael,Vazquez,michael.vazquez@datacourse.com,Dr.,0.8,Pathology,22
215181,187706706,Judith,Bartlett,judith.bartlett@datacourse.com,Dr.,0.6,Pediatrics,37
215182,187707486,James,Rocha,james.rocha@datacourse.com,Dr.,1.0,Family Medicine,8
215183,187701012,Anita,Sherman,anita.sherman@datacourse.com,Dr.,0.2,Pediatrics,37
215184,187700102,Elizabeth,Baker,elizabeth.baker@datacourse.com,Dr.,0.65,Psychiatry & Neurology,86
215188,187704158,Jacob,Whitaker,jacob.whitaker@datacourse.com,Dr.,1.0,Diagnostic Radiology,30
215189,187700700,Joshua,Townsend,joshua.townsend@datacourse.com,Dr.,0.95,Diagnostic Radiology,30
215191,187724152,Scott,Castillo,scott.castillo@datacourse.com,Dr.,0.37,Diagnostic Radiology,30
215192,187708058,Brandon,Boyle,brandon.boyle@datacourse.com,Dr.,0.19,Obstetrics & Gynecology,16
215193,187709098,Rachel,Benton,rachel.benton@datacourse.com,Dr.,0.45,Pediatrics,37
215195,187702312,Jillian,Cain,jillian.cain@datacourse.com,Dr.,1.0,Family Medicine,8
215197,187716300,Lisa,Mcconnell,lisa.mcconnell@datacourse.com,Dr.,0.85,Surgery,2
215198,187713336,Christopher,Fernandez,christopher.fernandez@datacourse.com,Dr.,1.0,Internal Medicine,11
215199,187702780,Brian,Bray,brian.bray@datacourse.com,Dr.,1.0,Internal Medicine,11
215202,187719550,Brent,Liu,brent.liu@datacourse.com,Dr.,0.41,Surgery,2
215203,187712686,Kristen,Gonzalez,kristen.gonzalez@datacourse.com,Dr.,0.36,Physical Medicine & Rehabilitation,25
215207,187714480,Jonathon,Delgado,jonathon.delgado@datacourse.com,Dr.,0.85,Diagnostic Radiology,30
215210,187718250,Wayne,Salazar,wayne.salazar@datacourse.com,Dr.,0.25,Psychologist,68
215216,187715208,Donna,Barrera,donna.barrera@datacourse.com,Dr.,0.67,Obstetrics & Gynecology,16
215217,187722644,Nicole,Chaney,nicole.chaney@datacourse.com,Dr.,0.45,Internal Medicine,11
215218,187700362,Carl,Walton,carl.walton@datacourse.com,Dr.,1.0,Emergency Medicine,93
215220,187721890,Julie,Harrington,julie.harrington@datacourse.com,Dr.,0.95,Pediatrics,37
215226,187712010,Elijah,Travis,elijah.travis@datacourse.com,Dr.,0.9,Internal Medicine,11
215227,187702910,Bruce,Estrada,bruce.estrada@datacourse.com,Dr.,1.0,Diagnostic Radiology,30
215230,187711542,James,Lyons,james.lyons@datacourse.com,Dr.,0.96,Internal Medicine,11
215231,187718562,Tiffany,Barr,tiffany.barr@datacourse.com,Dr.,1.0,Emergency Medicine,93
215233,187713310,James,Walter,james.walter@datacourse.com,Dr.,0.85,Nuclear Medicine,36
215234,187701558,Paul,Hays,paul.hays@datacourse.com,Dr.,0.95,Diagnostic Radiology,30
215236,187716430,Barbara,Phelps,barbara.phelps@datacourse.com,Dr.,1.0,Family Medicine,8
215239,187703898,Emily,Woodard,emily.woodard@datacourse.com,Dr.,0.2,Pediatrics,37
215242,187723918,Heather,Vincent,heather.vincent@datacourse.com,Dr.,1.0,Psychiatry & Neurology,86
215243,187701194,Robert,Conley,robert.conley@datacourse.com,Dr.,1.0,Family Medicine,8
215244,187710684,Angela,Cisneros,angela.cisneros@datacourse.com,Dr.,0.45,Ophthalmology,18
215246,187712192,Ryan,Massey,ryan.massey@datacourse.com,Dr.,0.57,Internal Medicine,11
215247,187701948,Robert,York,robert.york@datacourse.com,Dr.,0.58,Family Medicine,8
215248,187719680,Amy,Sims,amy.sims@datacourse.com,Dr.,0.41,Psychologist,68
215250,187714688,Cynthia,Boone,cynthia.boone@datacourse.com,Dr.,0.6,Internal Medicine,11
215251,187713076,Benjamin,Mckenzie,benjamin.mckenzie@datacourse.com,Dr.,1.0,Family Medicine,8
215252,187711334,Paul,Fitzpatrick,paul.fitzpatrick@datacourse.com,Dr.,0.42,Internal Medicine,11
215254,187705094,Jacob,Rodriguez,jacob.rodriguez@datacourse.com,Dr.,1.0,Surgery - Vascular Surgery,77
215258,187704366,Lucas,Beck,lucas.beck@datacourse.com,Dr.,1.0,Diagnostic Radiology,30
215261,187700518,Eric,Page,eric.page@datacourse.com,Dr.,0.95,Pediatrics,37
215266,187715442,Courtney,Ryan,courtney.ryan@datacourse.com,Dr.,0.93,Internal Medicine,11
215267,187704028,Sharon,Quinn,sharon.quinn@datacourse.com,Dr.,0.61,Internal Medicine,11
215269,187702416,Jesse,Carpenter,jesse.carpenter@datacourse.com,Dr.,0.86,Obstetrics & Gynecology,16
215275,187718380,Joshua,Norman,joshua.norman@datacourse.com,Dr.,1.0,Family Medicine,8
215276,187721630,Patrick,Mccarty,patrick.mccarty@datacourse.com,Dr.,1.0,Emergency Medicine,93
215278,187711490,Kathryn,Castaneda,kathryn.castaneda@datacourse.com,Dr.,0.65,Diagnostic Radiology,30
215280,187705068,Stephanie,Villegas,stephanie.villegas@datacourse.com,Dr.,1.0,Emergency Medicine,93
215281,187715962,Mary,Hardin,mary.hardin@datacourse.com,Dr.,0.9,Internal Medicine,11
215282,187702104,Jessica,Woods,jessica.woods@datacourse.com,Dr.,1.0,Internal Medicine,11
215283,187718354,Benjamin,Melton,benjamin.melton@datacourse.com,Dr.,0.62,Internal Medicine,11
215285,187700934,Maria,Stuart,maria.stuart@datacourse.com,Dr.,0.19,Pediatrics,37
215288,187720200,Corey,Cunningham,corey.cunningham@datacourse.com,Dr.,0.95,Diagnostic Radiology,30
215289,187712218,Teresa,Palmer,teresa.palmer@datacourse.com,Dr.,1.0,Family Medicine,8
215290,187715182,Jennifer,Gates,jennifer.gates@datacourse.com,Dr.,0.28,Ophthalmology,18
215291,187706602,Jason,Boyer,jason.boyer@datacourse.com,Dr.,0.8,Family Medicine,8
215294,187709306,David,Stanton,david.stanton@datacourse.com,Dr.,0.8,Internal Medicine,11
215295,187700024,Kristine,Snow,kristine.snow@datacourse.com,Dr.,1.0,Pediatrics,37
215307,187708084,Yvette,Lynn,yvette.lynn@datacourse.com,Dr.,0.7,Internal Medicine,11
215309,187701116,Duane,Woodward,duane.woodward@datacourse.com,Dr.,0.75,Family Medicine,8
215310,187701922,Nicholas,Orr,nicholas.orr@datacourse.com,Dr.,1.0,Family Medicine,8
215311,187709176,Robert,Serrano,robert.serrano@datacourse.com,Dr.,1.0,Family Medicine,8
215315,187711048,Megan,Kidd,megan.kidd@datacourse.com,Dr.,0.15,Pathology,22
215319,187704418,Lisa,Bullock,lisa.bullock@datacourse.com,Dr.,0.15,Internal Medicine,11
215320,187702624,Jonathan,Sparks,jonathan.sparks@datacourse.com,Dr.,0.5,Internal Medicine,11
215324,187706628,Troy,Lewis,troy.lewis@datacourse.com,Dr.,0.55,Internal Medicine,11
215325,187701038,Sarah,Barry,sarah.barry@datacourse.com,Dr.,0.02,Orthopaedic Surgery,20
215326,187709410,Mary,Carlson,mary.carlson@datacourse.com,Dr.,0.44,Internal Medicine,11
215327,187722618,Alicia,Esparza,alicia.esparza@datacourse.com,Dr.,0.34,Diagnostic Radiology,30
215328,187710762,Paige,Guzman,paige.guzman@datacourse.com,Dr.,1.0,Surgery,2
215331,187719784,Timothy,Olson,timothy.olson@datacourse.com,Dr.,0.9,Internal Medicine,11
215332,187712608,Valerie,Villanueva,valerie.villanueva@datacourse.com,Dr.,1.0,Internal Medicine,11
215338,187713206,Whitney,Holland,whitney.holland@datacourse.com,Dr.,1.0,Diagnostic Radiology,30
215339,187722800,Todd,Pineda,todd.pineda@datacourse.com,Dr.,0.5,Psychiatry & Neurology,86
215340,187706212,Sydney,Sexton,sydney.sexton@datacourse.com,Dr.,0.9,Diagnostic Radiology,30
215342,187712322,Mariah,Arias,mariah.arias@datacourse.com,Dr.,1.0,Emergency Medicine,93
215344,187717548,Craig,Drake,craig.drake@datacourse.com,Dr.,0.8,Diagnostic Radiology,30
215345,187706238,Hector,Sloan,hector.sloan@datacourse.com,Dr.,0.95,Diagnostic Radiology,30
215349,187705328,Lauren,Brown,lauren.brown@datacourse.com,Dr.,0.9,Family Medicine,8
215350,187701090,Sarah,Elliott,sarah.elliott@datacourse.com,Dr.,1.0,Surgery,2
215352,187713544,Jon,Trujillo,jon.trujillo@datacourse.com,Dr.,0.3,Internal Medicine,11
215355,187715676,Cassandra,Cross,cassandra.cross@datacourse.com,Dr.,1.0,Internal Medicine,11
215358,187722930,Brittany,Olsen,brittany.olsen@datacourse.com,Dr.,0.97,Internal Medicine,11
215365,187707694,Sherry,Stephens,sherry.stephens@datacourse.com,Dr.,1.0,Emergency Medicine,93
215367,187723060,Carla,Armstrong,carla.armstrong@datacourse.com,Dr.,0.62,Family Medicine,8
215369,187718328,Julie,Bass,julie.bass@datacourse.com,Dr.,0.75,Internal Medicine,11
215371,187710138,Jason,Decker,jason.decker@datacourse.com,Dr.,0.95,Internal Medicine,11
215373,187706420,Kelly,Miles,kelly.miles@datacourse.com,Dr.,0.72,Internal Medicine,11
215374,187707278,Lori,Noble,lori.noble@datacourse.com,Dr.,1.0,Emergency Medicine,93
215376,187723736,Mary,Mayo,mary.mayo@datacourse.com,Dr.,1.0,Internal Medicine,11
215380,187701818,David,Ayala,david.ayala@datacourse.com,Dr.,0.2,Family Medicine,8
215381,187718770,Rebecca,Shelton,rebecca.shelton@datacourse.com,Dr.,1.0,Family Medicine,8
215389,187704652,Kyle,Schwartz,kyle.schwartz@datacourse.com,Dr.,0.75,Psychiatry & Neurology,86
215391,187705042,Kylie,Valdez,kylie.valdez@datacourse.com,Dr.,0.52,Internal Medicine,11
215395,187723138,Mark,Duke,mark.duke@datacourse.com,Dr.,0.75,Pathology,22
215398,187707408,Alexander,Tate,alexander.tate@datacourse.com,Dr.,0.7,Family Medicine,8
215399,187723814,Joseph,Parks,joseph.parks@datacourse.com,Dr.,1.0,Surgery,2
215400,187722072,Shelley,Clay,shelley.clay@datacourse.com,Dr.,1.0,Diagnostic Radiology,30
215401,187720538,James,Young,james.young@datacourse.com,Dr.,1.0,Emergency Medicine,93
215404,187716690,Kevin,Mcguire,kevin.mcguire@datacourse.com,Dr.,0.65,Physical Medicine & Rehabilitation,25
215409,187703404,Paul,Kline,paul.kline@datacourse.com,Dr.,0.96,Internal Medicine,11
215411,187716768,Regina,Cooke,regina.cooke@datacourse.com,Dr.,1.0,Diagnostic Radiology,30
215413,187723476,Benjamin,Collier,benjamin.collier@datacourse.com,Dr.,1.0,Family Medicine,8
215417,187701246,Wanda,Benitez,wanda.benitez@datacourse.com,Dr.,0.8,Diagnostic Radiology,30
215419,187710736,Sharon,Underwood,sharon.underwood@datacourse.com,Dr.,1.0,Pediatrics,37
215420,187706186,Christian,Richmond,christian.richmond@datacourse.com,Dr.,1.0,Nuclear Medicine,36
215421,187723190,Jennifer,Ibarra,jennifer.ibarra@datacourse.com,Dr.,0.19,Orthopaedic Surgery,20
215423,187703586,Sara,Carr,sara.carr@datacourse.com,Dr.,1.0,Emergency Medicine,93
215424,187702936,Matthew,Hawkins,matthew.hawkins@datacourse.com,Dr.,0.5,Surgery - Surgical Critical Care,28
215426,187720876,Cheryl,Bright,cheryl.bright@datacourse.com,Dr.,0.27,Family Medicine,8
215427,187701506,Jeffrey,Gordon,jeffrey.gordon@datacourse.com,Dr.,0.8,Obstetrics & Gynecology,16
215431,187710970,Benjamin,Sutton,benjamin.sutton@datacourse.com,Dr.,0.85,Diagnostic Radiology,30
215436,187706056,Joseph,Kane,joseph.kane@datacourse.com,Dr.,0.82,Internal Medicine,11
215437,187706030,Nicole,Rivas,nicole.rivas@datacourse.com,Dr.,0.93,Internal Medicine,11
215443,187722176,Dorothy,Morris,dorothy.morris@datacourse.com,Dr.,0.8,Orthopaedic Surgery,20
215444,187722384,Amber,Ballard,amber.ballard@datacourse.com,Dr.,0.5,Family Medicine,8
215445,187715936,Chris,Cook,chris.cook@datacourse.com,Dr.,1.0,Internal Medicine,11
215446,187710164,Michelle,Nelson,michelle.nelson@datacourse.com,Dr.,0.76,Diagnostic Radiology,30
215447,187709930,Richard,Mclean,richard.mclean@datacourse.com,Dr.,1.0,Emergency Medicine,93
215450,187707018,Sherry,Kelley,sherry.kelley@datacourse.com,Dr.,0.82,Internal Medicine,11
215461,187712166,Melissa,Allen,melissa.allen@datacourse.com,Dr.,0.5,Family Medicine,8
215464,187716898,Crystal,Montoya,crystal.montoya@datacourse.com,Dr.,0.8,Pathology,22
215465,187699972,Michael,Cannon,michael.cannon@datacourse.com,Dr.,0.95,Internal Medicine,11
215466,187717002,Samantha,Savage,samantha.savage@datacourse.com,Dr.,0.6,Family Medicine,8
215471,187709514,Nicole,Curtis,nicole.curtis@datacourse.com,Dr.,0.9,Internal Medicine,11
215474,187711958,Sheri,Russo,sheri.russo@datacourse.com,Dr.,0.6,Emergency Medicine,93
215477,187713856,Jose,Rhodes,jose.rhodes@datacourse.com,Dr.,1.0,Neurological Surgery,14
215485,187712868,Bridget,Glenn,bridget.glenn@datacourse.com,Dr.,1.0,Internal Medicine,11
215489,187703092,Susan,Landry,susan.landry@datacourse.com,Dr.,0.5,Family Medicine,8
215490,187720122,Matthew,Butler,matthew.butler@datacourse.com,Dr.,0.9,Diagnostic Radiology,30
215491,187709020,Jack,Sheppard,jack.sheppard@datacourse.com,Dr.,0.15,Family Medicine,8
215505,187714272,Kimberly,Simmons,kimberly.simmons@datacourse.com,Dr.,0.49,Family Medicine,8
215506,187722722,Guy,Stewart,guy.stewart@datacourse.com,Dr.,1.0,Hospitalist,C6
215508,187713986,Christopher,Goodman,christopher.goodman@datacourse.com,Dr.,0.12,Internal Medicine,11
215516,187720824,Sarah,Roman,sarah.roman@datacourse.com,Dr.,0.25,Internal Medicine,11
215517,187723944,Valerie,Lloyd,valerie.lloyd@datacourse.com,Dr.,0.6,Diagnostic Radiology,30
215518,187718146,Janice,Tanner,janice.tanner@datacourse.com,Dr.,1.0,Family Medicine,8
215519,187702078,Cynthia,Meyer,cynthia.meyer@datacourse.com,Dr.,0.9,Diagnostic Radiology,30
215521,187716404,Kelly,Levy,kelly.levy@datacourse.com,Dr.,1.0,Family Medicine,8
215522,187722878,James,Wilson,james.wilson@datacourse.com,Dr.,0.58,Diagnostic Radiology,30
215525,187711516,Thomas,Roberson,thomas.roberson@datacourse.com,Dr.,0.4,Emergency Medicine,93
215527,187711204,Brent,Hines,brent.hines@datacourse.com,Dr.,0.73,Emergency Medicine,93
215529,187707876,Joe,Peterson,joe.peterson@datacourse.com,Dr.,1.0,Internal Medicine,11
215533,187701350,Tracy,Mooney,tracy.mooney@datacourse.com,Dr.,1.0,Family Medicine,8
215534,187709254,David,Anthony,david.anthony@datacourse.com,Dr.,1.0,Internal Medicine,11
215540,187712712,Zoe,Stevens,zoe.stevens@datacourse.com,Dr.,0.4,Emergency Medicine,93
215542,187707148,Michael,Bell,michael.bell@datacourse.com,Dr.,0.95,Diagnostic Radiology,30
215543,187707512,Kimberly,Kent,kimberly.kent@datacourse.com,Dr.,1.0,Internal Medicine,11
215544,187709722,Steven,Vaughan,steven.vaughan@datacourse.com,Dr.,0.95,Nuclear Medicine,36
215545,187722098,Mary,Harvey,mary.harvey@datacourse.com,Dr.,1.0,Internal Medicine,11
215546,187714636,Jacob,Cobb,jacob.cobb@datacourse.com,Dr.,0.85,Obstetrics & Gynecology,16
215547,187716014,Mathew,Figueroa,mathew.figueroa@datacourse.com,Dr.,0.9,Pediatrics,37
215548,187718614,Matthew,Rodgers,matthew.rodgers@datacourse.com,Dr.,1.0,Family Medicine,8
215550,187720564,Brian,Scott,brian.scott@datacourse.com,Dr.,0.11,Psychiatry & Neurology,86
215551,187700258,Jacob,Copeland,jacob.copeland@datacourse.com,Dr.,1.0,Family Medicine,8
215555,187705562,Jennifer,Mccormick,jennifer.mccormick@datacourse.com,Dr.,1.0,Internal Medicine,11
215557,187708812,Johnny,Winters,johnny.winters@datacourse.com,Dr.,0.95,Diagnostic Radiology,30
215558,187721552,Julie,Houston,julie.houston@datacourse.com,Dr.,1.0,Obstetrics & Gynecology,16
215561,187719992,Katherine,Zimmerman,katherine.zimmerman@datacourse.com,Dr.,1.0,Internal Medicine,11
215563,187722540,Amy,Mcclure,amy.mcclure@datacourse.com,Dr.,0.2,Surgery - Vascular Surgery,77
215566,187707070,Tracy,Lane,tracy.lane@datacourse.com,Dr.,0.41,Surgery - Surgical Critical Care,28
215568,187717912,Sean,Norton,sean.norton@datacourse.com,Dr.,1.0,Pediatrics,37
215572,187705848,Alicia,Dean,alicia.dean@datacourse.com,Dr.,1.0,Internal Medicine,11
215573,187715520,Jeffrey,Thompson,jeffrey.thompson@datacourse.com,Dr.,1.0,Diagnostic Radiology,30
215576,187700128,Gary,Church,gary.church@datacourse.com,Dr.,0.95,Optometrist,41
215579,187699894,Dennis,Rosales,dennis.rosales@datacourse.com,Dr.,1.0,Psychiatry & Neurology,86
215590,187721526,Kim,Lambert,kim.lambert@datacourse.com,Dr.,0.25,Diagnostic Radiology,30
215595,187701610,Lisa,Crane,lisa.crane@datacourse.com,Dr.,0.75,Pediatrics,37
215597,187706498,Antonio,Blanchard,antonio.blanchard@datacourse.com,Dr.,0.68,Internal Medicine,11
215598,187706940,Samuel,Griffin,samuel.griffin@datacourse.com,Dr.,1.0,Internal Medicine,11
215603,187722254,Andrea,Blake,andrea.blake@datacourse.com,Dr.,1.0,Family Medicine,8
215605,187702208,Stephen,Vaughn,stephen.vaughn@datacourse.com,Dr.,1.0,Thoracic Surgery (Cardiothoracic Vascular Surgery),33
215611,187705588,Glenn,Alexander,glenn.alexander@datacourse.com,Dr.,0.7,Obstetrics & Gynecology,16
215612,187713622,James,Black,james.black@datacourse.com,Dr.,1.0,Orthopaedic Surgery,20
215614,187713596,Vincent,Li,vincent.li@datacourse.com,Dr.,0.85,Diagnostic Radiology,30
215615,187705016,Victoria,Mcknight,victoria.mcknight@datacourse.com,Dr.,0.9,Family Medicine,8
215617,187707538,Laura,Shaw,laura.shaw@datacourse.com,Dr.,1.0,Internal Medicine,11
215619,187711646,Patrick,Pittman,patrick.pittman@datacourse.com,Dr.,0.95,Internal Medicine,11
215625,187716378,Taylor,Gaines,taylor.gaines@datacourse.com,Dr.,0.8,Surgery,2
215626,187704444,Richard,Mckay,richard.mckay@datacourse.com,Dr.,0.97,Internal Medicine,11
215628,187713258,Cindy,Henson,cindy.henson@datacourse.com,Dr.,0.5,Pathology,22
215631,187718094,Patricia,Davis,patricia.davis@datacourse.com,Dr.,0.8,Family Medicine,8
215633,187721240,Renee,Hunter,renee.hunter@datacourse.com,Dr.,0.95,Physical Medicine & Rehabilitation,25
215634,187718588,Elizabeth,Wood,elizabeth.wood@datacourse.com,Dr.,0.9,Diagnostic Radiology,30
215637,187714974,Caitlin,Potts,caitlin.potts@datacourse.com,Dr.,1.0,Family Medicine,8
215641,187702156,Norman,Guerrero,norman.guerrero@datacourse.com,Dr.,1.0,Pediatrics,37
215642,187703118,Peter,Reese,peter.reese@datacourse.com,Dr.,0.28,Obstetrics & Gynecology,16
215643,187716248,Jessica,Huynh,jessica.huynh@datacourse.com,Dr.,1.0,Diagnostic Radiology,30
215646,187707772,Terry,Lam,terry.lam@datacourse.com,Dr.,0.87,Internal Medicine,11
215653,187717704,Traci,Hooper,traci.hooper@datacourse.com,Dr.,0.57,Diagnostic Radiology,30
215655,187721318,Christopher,Fischer,christopher.fischer@datacourse.com,Dr.,0.06,Diagnostic Radiology,30
215656,187700414,Eric,Gibson,eric.gibson@datacourse.com,Dr.,0.85,Internal Medicine,11
215659,187704288,Charles,Bautista,charles.bautista@datacourse.com,Dr.,1.0,Pediatrics,37
215664,187723840,Marvin,Zavala,marvin.zavala@datacourse.com,Dr.,1.0,Family Medicine,8
215670,187713154,Edwin,Luna,edwin.luna@datacourse.com,Dr.,0.8,Family Medicine,8
215672,187711672,Michael,Mann,michael.mann@datacourse.com,Dr.,0.85,Diagnostic Radiology,30
215674,187714870,Virginia,Glass,virginia.glass@datacourse.com,Dr.,0.8,Internal Medicine,11
215679,187708474,Jennifer,Wilkinson,jennifer.wilkinson@datacourse.com,Dr.,0.95,Diagnostic Radiology,30
215680,187705900,Catherine,Kennedy,catherine.kennedy@datacourse.com,Dr.,1.0,Internal Medicine,11
215683,187720746,Kevin,Cline,kevin.cline@datacourse.com,Dr.,0.95,Nuclear Medicine,36
215686,187721916,Ryan,Jordan,ryan.jordan@datacourse.com,Dr.,0.6,Internal Medicine,11
215688,187715910,Brooke,Bradshaw,brooke.bradshaw@datacourse.com,Dr.,0.5,Internal Medicine,11
215691,187708240,David,Kaiser,david.kaiser@datacourse.com,Dr.,1.0,Internal Medicine,11
215692,187714922,Jennifer,Byrd,jennifer.byrd@datacourse.com,Dr.,0.66,Internal Medicine,11
215693,187704106,Rodney,Levine,rodney.levine@datacourse.com,Dr.,0.9,Internal Medicine,11
215697,187713024,Casey,Proctor,casey.proctor@datacourse.com,Dr.,0.68,Internal Medicine,11
215698,187709462,Annette,Becker,annette.becker@datacourse.com,Dr.,0.9,Internal Medicine,11
215699,187721110,Timothy,Fowler,timothy.fowler@datacourse.com,Dr.,0.85,Obstetrics & Gynecology,16
215701,187722280,Bryan,Mason,bryan.mason@datacourse.com,Dr.,1.0,Emergency Medicine,93
215702,187706992,Katherine,Roach,katherine.roach@datacourse.com,Dr.,0.13,Psychiatry & Neurology,86
215703,187722462,David,Wilcox,david.wilcox@datacourse.com,Dr.,0.95,Diagnostic Radiology,30
215705,187722358,Paul,Fox,paul.fox@datacourse.com,Dr.,0.52,Emergency Medicine,93
215706,187703378,Cassandra,Mays,cassandra.mays@datacourse.com,Dr.,0.1,Pathology,22
215708,187709618,Brenda,Powers,brenda.powers@datacourse.com,Dr.,0.6,Diagnostic Radiology,30
215709,187700986,Angela,Perry,angela.perry@datacourse.com,Dr.,0.85,Surgery,2
215710,187718666,Donald,Burns,donald.burns@datacourse.com,Dr.,0.75,Internal Medicine,11
215711,187720772,Jason,West,jason.west@datacourse.com,Dr.,0.9,Pediatrics,37
215713,187720460,Kaitlyn,Velazquez,kaitlyn.velazquez@datacourse.com,Dr.,0.72,Obstetrics & Gynecology,16
215714,187712998,Bryan,Avery,bryan.avery@datacourse.com,Dr.,0.7,Pediatrics,37
215717,187708552,Thomas,Bentley,thomas.bentley@datacourse.com,Dr.,1.0,Emergency Medicine,93
215720,187705250,Cassandra,Sweeney,cassandra.sweeney@datacourse.com,Dr.,0.85,Internal Medicine,11
215722,187703066,Jeffrey,Ross,jeffrey.ross@datacourse.com,Dr.,0.93,Internal Medicine,11
215725,187716560,Kenneth,Reilly,kenneth.reilly@datacourse.com,Dr.,0.5,Internal Medicine,11
215726,187709696,Dawn,Lester,dawn.lester@datacourse.com,Dr.,0.95,Emergency Medicine,93
215730,187705432,Leah,Steele,leah.steele@datacourse.com,Dr.,0.9,Family Medicine,8
215732,187717288,Kayla,Wagner,kayla.wagner@datacourse.com,Dr.,0.6,Family Medicine,8
215733,187708734,Mary,Hoover,mary.hoover@datacourse.com,Dr.,0.8,Family Medicine,8
215738,187711802,Douglas,Day,douglas.day@datacourse.com,Dr.,0.94,Internal Medicine,11
215739,187720408,Christopher,Wise,christopher.wise@datacourse.com,Dr.,0.6,Family Medicine,8
215741,187712738,Johnny,Thomas,johnny.thomas@datacourse.com,Dr.,0.9,Family Medicine,8
215746,187700466,Kimberly,Cowan,kimberly.cowan@datacourse.com,Dr.,0.65,Dermatology,7
215748,187715078,Steven,Bond,steven.bond@datacourse.com,Dr.,1.0,Family Medicine,8
215751,187710450,Christina,James,christina.james@datacourse.com,Dr.,1.0,Emergency Medicine,93
215757,187719030,Mary,Espinoza,mary.espinoza@datacourse.com,Dr.,0.4,Internal Medicine,11
215764,187702260,Timothy,Bean,timothy.bean@datacourse.com,Dr.,1.0,Family Medicine,8
215765,187720278,Suzanne,Berger,suzanne.berger@datacourse.com,Dr.,0.67,Pediatrics,37
215767,187717600,Alexander,Mathews,alexander.mathews@datacourse.com,Dr.,0.65,Diagnostic Radiology,30
215769,187723450,Joseph,Moon,joseph.moon@datacourse.com,Dr.,0.12,Optometrist,41
215770,187703040,Emily,Vargas,emily.vargas@datacourse.com,Dr.,0.69,Family Medicine,8
215772,187708318,Megan,Craig,megan.craig@datacourse.com,Dr.,1.0,Internal Medicine,11
215779,187703846,Stacey,Graham,stacey.graham@datacourse.com,Dr.,1.0,Pediatrics,37
215780,187718978,Jason,Howe,jason.howe@datacourse.com,Dr.,1.0,Internal Medicine,11
215781,187711724,Kimberly,Hale,kimberly.hale@datacourse.com,Dr.,0.5,Family Medicine,8
215782,187710008,Kristin,Spears,kristin.spears@datacourse.com,Dr.,1.0,Emergency Medicine,93
215783,187721968,Emily,Solis,emily.solis@datacourse.com,Dr.,0.5,Obstetrics & Gynecology,16
215787,187708630,Lisa,Case,lisa.case@datacourse.com,Dr.,0.9,Family Medicine,8
215788,187715988,Tanner,Caldwell,tanner.caldwell@datacourse.com,Dr.,0.97,Psychiatry & Neurology,86
215790,187715468,Katherine,Briggs,katherine.briggs@datacourse.com,Dr.,0.41,Surgery,2
215791,187706836,Tanya,Meadows,tanya.meadows@datacourse.com,Dr.,1.0,Emergency Medicine,93
215794,187705692,Cynthia,Walls,cynthia.walls@datacourse.com,Dr.,1.0,Emergency Medicine,93
215795,187714220,Ashlee,Romero,ashlee.romero@datacourse.com,Dr.,0.32,Physical Medicine & Rehabilitation,25
215797,187708136,Amber,Solomon,amber.solomon@datacourse.com,Dr.,0.8,Pathology,22
215798,187704392,Nicole,Jacobson,nicole.jacobson@datacourse.com,Dr.,0.55,Pathology,22
215799,187700492,Karen,Cruz,karen.cruz@datacourse.com,Dr.,1.0,Diagnostic Radiology,30
215802,187700856,Kelly,Gutierrez,kelly.gutierrez@datacourse.com,Dr.,0.15,Internal Medicine,11
215804,187723398,Ashley,Pacheco,ashley.pacheco@datacourse.com,Dr.,0.3,Family Medicine,8
215805,187717470,Anthony,Singh,anthony.singh@datacourse.com,Dr.,0.93,Orthopaedic Surgery,20
215812,187709800,Ashlee,Giles,ashlee.giles@datacourse.com,Dr.,1.0,Obstetrics & Gynecology,16
215815,187721500,Keith,Crawford,keith.crawford@datacourse.com,Dr.,0.6,Obstetrics & Gynecology,16
215820,187704782,Anna,Hubbard,anna.hubbard@datacourse.com,Dr.,0.93,Internal Medicine,11
215823,187704574,Kathy,Calhoun,kathy.calhoun@datacourse.com,Dr.,0.17,Internal Medicine,11
215825,187715728,Adam,Martinez,adam.martinez@datacourse.com,Dr.,0.95,Pathology,22
215826,187701896,Benjamin,Cardenas,benjamin.cardenas@datacourse.com,Dr.,0.1,Anesthesiology,5
215827,187708890,Allen,Ellis,allen.ellis@datacourse.com,Dr.,0.6,Orthopaedic Surgery,20
215828,187700804,Lisa,Dickerson,lisa.dickerson@datacourse.com,Dr.,1.0,Emergency Medicine,93
215834,187701740,David,Ferguson,david.ferguson@datacourse.com,Dr.,0.75,Pediatrics,37
215836,187710086,Krista,Kelly,krista.kelly@datacourse.com,Dr.,0.5,Internal Medicine,11
215837,187720018,Martin,Kerr,martin.kerr@datacourse.com,Dr.,1.0,Family Medicine,8
215838,187721474,Travis,Potter,travis.potter@datacourse.com,Dr.,1.0,Surgery,2
215841,187707668,Joshua,Reeves,joshua.reeves@datacourse.com,Dr.,0.97,Internal Medicine,11
215843,187700310,Carlos,Larson,carlos.larson@datacourse.com,Dr.,0.7,Internal Medicine,11
215845,187703456,Stephen,Haas,stephen.haas@datacourse.com,Dr.,0.9,Family Medicine,8
215848,187723294,Sandra,Parker,sandra.parker@datacourse.com,Dr.,1.0,Pediatrics,37
215853,187704626,Deanna,Bolton,deanna.bolton@datacourse.com,Dr.,0.6,Pathology,22
215855,187715052,James,Summers,james.summers@datacourse.com,Dr.,0.5,Pathology,22
215858,187704860,Jennifer,Fleming,jennifer.fleming@datacourse.com,Dr.,0.9,Internal Medicine,11
215859,187702884,Stephanie,Ramos,stephanie.ramos@datacourse.com,Dr.,0.82,Internal Medicine,11
215860,187700830,Jennifer,Vang,jennifer.vang@datacourse.com,Dr.,0.2,Internal Medicine,11
215861,187702182,Lisa,Lowe,lisa.lowe@datacourse.com,Dr.,0.05,Pathology,22
215862,187719472,Dillon,Donaldson,dillon.donaldson@datacourse.com,Dr.,1.0,Pediatrics,37
215867,187713518,Bryan,Benjamin,bryan.benjamin@datacourse.com,Dr.,1.0,Family Medicine,8
215871,187703976,Donna,Mata,donna.mata@datacourse.com,Dr.,0.8,Internal Medicine,11
215875,187702494,Joyce,Welch,joyce.welch@datacourse.com,Dr.,0.8,Diagnostic Radiology,30
215876,187721292,Stephen,Pope,stephen.pope@datacourse.com,Dr.,1.0,Internal Medicine,11
215878,187718016,Nicholas,Macdonald,nicholas.macdonald@datacourse.com,Dr.,0.66,Diagnostic Radiology,30
215879,187707564,Todd,Torres,todd.torres@datacourse.com,Dr.,0.8,Internal Medicine,11
215881,187712530,Krystal,Randall,krystal.randall@datacourse.com,Dr.,0.9,Family Medicine,8
215887,187708968,Diane,Richards,diane.richards@datacourse.com,Dr.,0.76,Diagnostic Radiology,30
215889,187706394,Cheryl,Acevedo,cheryl.acevedo@datacourse.com,Dr.,0.55,Surgery - Vascular Surgery,77
215891,187706680,Jesse,Knox,jesse.knox@datacourse.com,Dr.,0.45,Psychiatry & Neurology,86
215892,187708110,Tyler,Green,tyler.green@datacourse.com,Dr.,0.16,Internal Medicine,11
215893,187712296,Vicki,Gould,vicki.gould@datacourse.com,Dr.,0.7,Internal Medicine,11
215895,187705770,Melanie,Mccall,melanie.mccall@datacourse.com,Dr.,0.6,Family Medicine,8
215896,187722566,Rachael,Montes,rachael.montes@datacourse.com,Dr.,0.93,Internal Medicine,11
215897,187715104,Anthony,Brewer,anthony.brewer@datacourse.com,Dr.,1.0,Internal Medicine,11
215898,187704262,William,Preston,william.preston@datacourse.com,Dr.,1.0,Pediatrics,37
215900,187711126,Steven,Booker,steven.booker@datacourse.com,Dr.,0.7,Family Medicine,8
215903,187706862,Michael,Warner,michael.warner@datacourse.com,Dr.,1.0,Family Medicine,8
215904,187710242,Richard,Rosario,richard.rosario@datacourse.com,Dr.,0.45,Internal Medicine,11
215905,187718926,Lisa,Krause,lisa.krause@datacourse.com,Dr.,1.0,Internal Medicine,11
215909,187705406,Deborah,Lee,deborah.lee@datacourse.com,Dr.,0.2,Internal Medicine,11
215910,187710424,Mathew,Morales,mathew.morales@datacourse.com,Dr.,1.0,Emergency Medicine,93
215913,187711594,Kevin,Holden,kevin.holden@datacourse.com,Dr.,0.55,Pathology,22
215915,187724282,Jeffrey,Gallegos,jeffrey.gallegos@datacourse.com,Dr.,0.65,Pathology,22
215917,187724074,Marcus,Schneider,marcus.schneider@datacourse.com,Dr.,0.73,Psychiatry & Neurology,86
215918,187713934,Jeremy,Ho,jeremy.ho@datacourse.com,Dr.,0.95,Obstetrics & Gynecology,16
215920,187723996,Cassandra,Wang,cassandra.wang@datacourse.com,Dr.,0.5,Physical Medicine & Rehabilitation,25
215921,187712660,Donald,Baxter,donald.baxter@datacourse.com,Dr.,1.0,Diagnostic Radiology,30
215925,187724178,Megan,Walters,megan.walters@datacourse.com,Dr.,1.0,Internal Medicine,11
215926,187702052,Benjamin,Archer,benjamin.archer@datacourse.com,Dr.,0.07,Internal Medicine,11
215928,187711620,Jason,Maddox,jason.maddox@datacourse.com,Dr.,0.7,Family Medicine,8
215931,187702728,Madison,Forbes,madison.forbes@datacourse.com,Dr.,0.2,Internal Medicine,11
215935,187702026,Kathleen,Cervantes,kathleen.cervantes@datacourse.com,Dr.,0.95,Pediatrics,37
215941,187722774,Holly,Sandoval,holly.sandoval@datacourse.com,Dr.,0.93,Psychiatry & Neurology,86
215943,187707252,Destiny,Newman,destiny.newman@datacourse.com,Dr.,0.17,Family Medicine,8
215944,187720356,Jennifer,Mcneil,jennifer.mcneil@datacourse.com,Dr.,0.14,Otolaryngology,4
215945,187715832,Theresa,Ali,theresa.ali@datacourse.com,Dr.,1.0,Internal Medicine,11
215950,187713674,Louis,Rose,louis.rose@datacourse.com,Dr.,1.0,Surgery,2
215952,187713908,Lori,Lin,lori.lin@datacourse.com,Dr.,1.0,Emergency Medicine,93
215953,187722124,Frank,Shepherd,frank.shepherd@datacourse.com,Dr.,0.7,Pediatrics,37
215955,187703482,Shelly,Sampson,shelly.sampson@datacourse.com,Dr.,0.8,Family Medicine,8
215957,187710554,Denise,Sanchez,denise.sanchez@datacourse.com,Dr.,0.85,Internal Medicine,11
215959,187704678,Christopher,Peck,christopher.peck@datacourse.com,Dr.,0.67,Internal Medicine,11
215963,187712244,Jenna,Lucero,jenna.lucero@datacourse.com,Dr.,0.9,Pediatrics,37
215966,187714584,Travis,Gilmore,travis.gilmore@datacourse.com,Dr.,1.0,Internal Medicine,11
215967,187710996,Joshua,Haley,joshua.haley@datacourse.com,Dr.,0.24,Pediatrics,37
215968,187704236,Sharon,Nichols,sharon.nichols@datacourse.com,Dr.,0.8,Internal Medicine,11
215974,187713960,Anna,Delacruz,anna.delacruz@datacourse.com,Dr.,1.0,Internal Medicine,11
215975,187709358,Nicholas,English,nicholas.english@datacourse.com,Dr.,0.25,Internal Medicine,11
215982,187702806,Samantha,Clark,samantha.clark@datacourse.com,Dr.,1.0,Internal Medicine,11
215988,187714194,Drew,Ware,drew.ware@datacourse.com,Dr.,0.8,Family Medicine,8
215989,187708994,Julie,Berg,julie.berg@datacourse.com,Dr.,1.0,Pediatrics,37
215990,187704990,Cody,Pruitt,cody.pruitt@datacourse.com,Dr.,0.75,Family Medicine,8
215991,187717574,Michael,Sullivan,michael.sullivan@datacourse.com,Dr.,0.9,Diagnostic Radiology,30
215992,187721396,Maureen,Crosby,maureen.crosby@datacourse.com,Dr.,0.93,Internal Medicine,11
215993,187703716,Ryan,Padilla,ryan.padilla@datacourse.com,Dr.,0.95,Diagnostic Radiology,30
215995,187723112,Zachary,Randolph,zachary.randolph@datacourse.com,Dr.,0.71,Diagnostic Radiology,30
215997,187704548,Vicki,Reid,vicki.reid@datacourse.com,Dr.,0.25,Family Medicine,8
215999,187718120,Shannon,Stanley,shannon.stanley@datacourse.com,Dr.,0.55,Internal Medicine,11
216000,187716846,Danielle,Moreno,danielle.moreno@datacourse.com,Dr.,0.55,Internal Medicine,11
216002,187706810,Cynthia,Jensen,cynthia.jensen@datacourse.com,Dr.,0.83,Psychiatry & Neurology,86
216003,187712920,Gregory,Finley,gregory.finley@datacourse.com,Dr.,0.95,Diagnostic Radiology,30
216006,187719498,Paul,Barber,paul.barber@datacourse.com,Dr.,1.0,Internal Medicine,11
216007,187715754,Helen,King,helen.king@datacourse.com,Dr.,0.8,Internal Medicine,11
216009,187707226,Donald,Mercer,donald.mercer@datacourse.com,Dr.,1.0,Family Medicine,8
216013,187715858,Christina,Morton,christina.morton@datacourse.com,Dr.,0.3,Surgery - Vascular Surgery,77
216015,187716196,Jeffrey,Matthews,jeffrey.matthews@datacourse.com,Dr.,1.0,Diagnostic Radiology,30
216017,187720382,Janet,Benson,janet.benson@datacourse.com,Dr.,1.0,Internal Medicine,11
216019,187700752,Danny,Huang,danny.huang@datacourse.com,Dr.,0.65,Internal Medicine,11
216021,187714428,Wayne,Smith,wayne.smith@datacourse.com,Dr.,0.5,Internal Medicine,11
216022,187707330,Adam,Stone,adam.stone@datacourse.com,Dr.,0.6,Internal Medicine,11
216026,187699998,Cheryl,Parrish,cheryl.parrish@datacourse.com,Dr.,0.58,Internal Medicine,11
216027,187721994,Ian,Mora,ian.mora@datacourse.com,Dr.,0.8,Pediatrics,37
216036,187721786,Jesse,Wade,jesse.wade@datacourse.com,Dr.,0.95,Pathology,22
216038,187723788,Johnny,Hendrix,johnny.hendrix@datacourse.com,Dr.,1.0,Internal Medicine,11
216039,187707590,Sarah,Cantu,sarah.cantu@datacourse.com,Dr.,1.0,Family Medicine,8
216040,187710398,Julia,Frost,julia.frost@datacourse.com,Dr.,0.98,Internal Medicine,11
216044,187705536,Daniel,Andersen,daniel.andersen@datacourse.com,Dr.,0.7,Psychiatry & Neurology,86
216046,187710112,Eddie,Gardner,eddie.gardner@datacourse.com,Dr.,1.0,Internal Medicine,11
216050,187709670,Thomas,Gonzales,thomas.gonzales@datacourse.com,Dr.,0.3,Pediatrics,37
216052,187722748,Monica,Stark,monica.stark@datacourse.com,Dr.,0.05,Internal Medicine,11
216053,187701584,Marcus,Dodson,marcus.dodson@datacourse.com,Dr.,1.0,Internal Medicine,11
216063,187700076,Adrienne,Alvarado,adrienne.alvarado@datacourse.com,Dr.,0.4,Family Medicine,8
216064,187708578,Wendy,Conrad,wendy.conrad@datacourse.com,Dr.,0.5,Internal Medicine,11
216065,187704522,Vincent,Flynn,vincent.flynn@datacourse.com,Dr.,1.0,Surgery - Vascular Surgery,77
216068,187700284,Vincent,Franco,vincent.franco@datacourse.com,Dr.,1.0,Internal Medicine,11
216069,187707824,Todd,Christian,todd.christian@datacourse.com,Dr.,0.01,Family Medicine,8
216070,187717054,Jeffrey,Valenzuela,jeffrey.valenzuela@datacourse.com,Dr.,0.5,Internal Medicine,11
216072,187723658,John,Hayden,john.hayden@datacourse.com,Dr.,0.66,Pathology,22
216075,187699920,Courtney,Maynard,courtney.maynard@datacourse.com,Dr.,0.85,Surgery,2
216076,187708526,Eugene,Weiss,eugene.weiss@datacourse.com,Dr.,0.8,Pathology,22
216082,187716222,Connie,Barker,connie.barker@datacourse.com,Dr.,0.76,Diagnostic Radiology,30
216083,187721032,Melissa,Yang,melissa.yang@datacourse.com,Dr.,0.9,Diagnostic Radiology,30
216085,187706368,Jacqueline,Hutchinson,jacqueline.hutchinson@datacourse.com,Dr.,1.0,Internal Medicine,11
216086,187708006,Jennifer,Anderson,jennifer.anderson@datacourse.com,Dr.,1.0,Surgery,2
216088,187712894,Jonathan,Hart,jonathan.hart@datacourse.com,Dr.,1.0,Surgery,2
216099,187715000,Brenda,Shepard,brenda.shepard@datacourse.com,Dr.,1.0,Family Medicine,8
216100,187706732,Angela,Payne,angela.payne@datacourse.com,Dr.,1.0,Psychiatry & Neurology,86
216102,187700778,Olivia,George,olivia.george@datacourse.com,Dr.,0.85,Internal Medicine,11
216104,187705458,Samuel,Cabrera,samuel.cabrera@datacourse.com,Dr.,0.3,Internal Medicine,11
216106,187700206,Isaiah,Arroyo,isaiah.arroyo@datacourse.com,Dr.,0.7,Family Medicine,8
216108,187702234,Allison,Richard,allison.richard@datacourse.com,Dr.,1.0,Internal Medicine,11
216109,187712556,Katherine,Estes,katherine.estes@datacourse.com,Dr.,0.75,Internal Medicine,11
216111,187717808,Christopher,Leonard,christopher.leonard@datacourse.com,Dr.,0.9,Thoracic Surgery (Cardiothoracic Vascular Surgery),33
216112,187704886,Kyle,Spence,kyle.spence@datacourse.com,Dr.,1.0,Family Medicine,8
216116,187705302,Scott,Flowers,scott.flowers@datacourse.com,Dr.,1.0,Internal Medicine,11
216117,187703430,Chad,Herman,chad.herman@datacourse.com,Dr.,0.21,Surgery,2
216119,187716040,James,Blackburn,james.blackburn@datacourse.com,Dr.,0.29,Internal Medicine,11
216123,187719368,Robert,Mcclain,robert.mcclain@datacourse.com,Dr.,0.55,Family Medicine,8
216126,187709566,Thomas,Lang,thomas.lang@datacourse.com,Dr.,0.5,Family Medicine,8
216129,187713570,Emily,Watson,emily.watson@datacourse.com,Dr.,0.54,Internal Medicine,11
216133,187719238,David,Harding,david.harding@datacourse.com,Dr.,1.0,Internal Medicine,11
216134,187703170,Shelley,Middleton,shelley.middleton@datacourse.com,Dr.,0.9,Family Medicine,8
216135,187715312,Karen,Brennan,karen.brennan@datacourse.com,Dr.,0.75,Diagnostic Radiology,30
216136,187703144,Kyle,Rubio,kyle.rubio@datacourse.com,Dr.,0.3,Obstetrics & Gynecology,16
216140,187723034,Victoria,Campbell,victoria.campbell@datacourse.com,Dr.,0.95,Diagnostic Radiology,30
216141,187710268,Deborah,Duran,deborah.duran@datacourse.com,Dr.,1.0,Internal Medicine,11
216142,187713440,Rebecca,Chase,rebecca.chase@datacourse.com,Dr.,1.0,Family Medicine,8
216145,187721370,Kelly,Ortiz,kelly.ortiz@datacourse.com,Dr.,0.2,Surgery - Vascular Surgery,77
216146,187716924,Sarah,Yu,sarah.yu@datacourse.com,Dr.,0.57,Internal Medicine,11
216150,187717340,Debra,Cox,debra.cox@datacourse.com,Dr.,1.0,Orthopaedic Surgery,20
216158,187708916,Michael,Greene,michael.greene@datacourse.com,Dr.,0.5,Pediatrics,37
216161,187723606,Daniel,Skinner,daniel.skinner@datacourse.com,Dr.,1.0,Internal Medicine,11
216162,187720226,Angela,Weber,angela.weber@datacourse.com,Dr.,1.0,Diagnostic Radiology,30
216167,187721656,Amanda,Brandt,amanda.brandt@datacourse.com,Dr.,1.0,Emergency Medicine,93
216168,187721084,Micheal,Murillo,micheal.murillo@datacourse.com,Dr.,1.0,Obstetrics & Gynecology,16
216170,187700440,Jessica,Clarke,jessica.clarke@datacourse.com,Dr.,0.9,Thoracic Surgery (Cardiothoracic Vascular Surgery),33
216172,187701844,John,Webb,john.webb@datacourse.com,Dr.,0.68,Internal Medicine,11
216173,187721136,Max,Browning,max.browning@datacourse.com,Dr.,1.0,Family Medicine,8
216178,187723372,Beverly,Garza,beverly.garza@datacourse.com,Dr.,0.9,Internal Medicine,11
216181,187707798,Elizabeth,Rush,elizabeth.rush@datacourse.com,Dr.,0.9,Pediatrics,37
216184,187708760,Sandra,Harrell,sandra.harrell@datacourse.com,Dr.,1.0,Emergency Medicine,93
216185,187707746,Robert,Blackwell,robert.blackwell@datacourse.com,Dr.,1.0,Internal Medicine,11
216186,187714844,Tom,Rios,tom.rios@datacourse.com,Dr.,0.8,Internal Medicine,11
216187,187715286,John,Velasquez,john.velasquez@datacourse.com,Dr.,0.9,Obstetrics & Gynecology,16
216188,187705666,Dawn,Wong,dawn.wong@datacourse.com,Dr.,0.95,Diagnostic Radiology,30
216189,187713284,Justin,Bridges,justin.bridges@datacourse.com,Dr.,0.8,Obstetrics & Gynecology,16
216190,187720096,Margaret,Deleon,margaret.deleon@datacourse.com,Dr.,0.5,Internal Medicine,11
216191,187719160,Elizabeth,Wright,elizabeth.wright@datacourse.com,Dr.,0.5,Family Medicine,8
216193,187703638,Patricia,Ruiz,patricia.ruiz@datacourse.com,Dr.,0.6,Family Medicine,8
216194,187701324,Lisa,Walsh,lisa.walsh@datacourse.com,Dr.,0.28,Orthopaedic Surgery,20
216197,187703768,Samantha,Riggs,samantha.riggs@datacourse.com,Dr.,0.95,Pathology,22
216202,187713882,Edward,Shaffer,edward.shaffer@datacourse.com,Dr.,1.0,Internal Medicine,11
216203,187713726,Yvette,Davenport,yvette.davenport@datacourse.com,Dr.,1.0,Family Medicine,8
216206,187700960,Melissa,Silva,melissa.silva@datacourse.com,Dr.,1.0,Family Medicine,8
216212,187724100,Michael,Gray,michael.gray@datacourse.com,Dr.,1.0,Diagnostic Radiology,30
216213,187717236,John,Marks,john.marks@datacourse.com,Dr.,1.0,Diagnostic Radiology,30
216215,187722982,Alan,Orozco,alan.orozco@datacourse.com,Dr.,0.55,Family Medicine,8
216219,187716092,Michelle,Humphrey,michelle.humphrey@datacourse.com,Dr.,1.0,Pediatrics,37
216223,187723164,Terri,Golden,terri.golden@datacourse.com,Dr.,1.0,Pediatrics,37
216225,187705120,Rebekah,Terry,rebekah.terry@datacourse.com,Dr.,0.22,Internal Medicine,11
216227,187712140,Elizabeth,Gillespie,elizabeth.gillespie@datacourse.com,Dr.,0.58,Internal Medicine,11
216228,187713362,Natasha,Hill,natasha.hill@datacourse.com,Dr.,0.72,Internal Medicine,11
216232,187722436,Mary,Stout,mary.stout@datacourse.com,Dr.,0.95,Diagnostic Radiology,30
216233,187710632,Patricia,Cuevas,patricia.cuevas@datacourse.com,Dr.,0.35,Diagnostic Radiology,30
216235,187714792,Jeff,Bailey,jeff.bailey@datacourse.com,Dr.,1.0,Family Medicine,8
216238,187716586,Ellen,Pace,ellen.pace@datacourse.com,Dr.,0.6,Internal Medicine,11
216242,187710944,Tara,Mathis,tara.mathis@datacourse.com,Dr.,1.0,Family Medicine,8
216246,187704808,Jason,Hampton,jason.hampton@datacourse.com,Dr.,0.26,Psychologist,68
216247,187720616,Sarah,Werner,sarah.werner@datacourse.com,Dr.,0.97,Obstetrics & Gynecology,16
216248,187706004,Courtney,Mendez,courtney.mendez@datacourse.com,Dr.,0.8,Obstetrics & Gynecology,16
216250,187720512,Kristina,Wilkerson,kristina.wilkerson@datacourse.com,Dr.,0.93,Internal Medicine,11
216255,187716170,Megan,Holloway,megan.holloway@datacourse.com,Dr.,1.0,Pediatrics,37
216258,187702546,John,Jenkins,john.jenkins@datacourse.com,Dr.,1.0,Pediatrics,37
216260,187705718,Brian,Hess,brian.hess@datacourse.com,Dr.,0.46,Obstetrics & Gynecology,16
216261,187702962,Jason,Singleton,jason.singleton@datacourse.com,Dr.,0.8,Surgery,2
216262,187713388,Brian,Bryan,brian.bryan@datacourse.com,Dr.,1.0,Urology,34
216265,187715884,George,Collins,george.collins@datacourse.com,Dr.,0.45,Diagnostic Radiology,30
216266,187706888,Benjamin,Patton,benjamin.patton@datacourse.com,Dr.,0.5,Internal Medicine,11
216268,187719264,Chris,Burch,chris.burch@datacourse.com,Dr.,0.95,Internal Medicine,11
216269,187717392,Sabrina,Farmer,sabrina.farmer@datacourse.com,Dr.,1.0,Internal Medicine,11
216274,187715702,Andre,Swanson,andre.swanson@datacourse.com,Dr.,0.9,Internal Medicine,11
216278,187702000,Caleb,Shields,caleb.shields@datacourse.com,Dr.,1.0,Family Medicine,8
216281,187720330,Brittany,Oneal,brittany.oneal@datacourse.com,Dr.,1.0,Hospitalist,C6
216283,187716742,Gregory,Carney,gregory.carney@datacourse.com,Dr.,0.75,Family Medicine,8
216284,187705510,Darren,Meza,darren.meza@datacourse.com,Dr.,0.86,Pediatrics,37
216286,187710476,Tiffany,Osborn,tiffany.osborn@datacourse.com,Dr.,0.95,Obstetrics & Gynecology,16
216288,187701454,Amanda,Dawson,amanda.dawson@datacourse.com,Dr.,1.0,Internal Medicine,11
216289,187721864,Angela,Hahn,angela.hahn@datacourse.com,Dr.,0.76,Diagnostic Radiology,30
216290,187707954,Tanya,Stevenson,tanya.stevenson@datacourse.com,Dr.,0.7,Pathology,22
216292,187710866,Wendy,Farley,wendy.farley@datacourse.com,Dr.,0.8,Family Medicine,8
216295,187714246,Sandra,Berry,sandra.berry@datacourse.com,Dr.,0.8,Internal Medicine,11
216301,187712504,Caleb,Ward,caleb.ward@datacourse.com,Dr.,0.8,Internal Medicine,11
216306,187718640,Cody,Duncan,cody.duncan@datacourse.com,Dr.,1.0,Internal Medicine,11
216308,187715338,Debra,Andrews,debra.andrews@datacourse.com,Dr.,0.75,Pathology,22
216311,187714012,Tina,Maldonado,tina.maldonado@datacourse.com,Dr.,0.71,Internal Medicine,11
216312,187710190,Robert,Good,robert.good@datacourse.com,Dr.,0.9,Orthopaedic Surgery,20
216317,187717314,James,May,james.may@datacourse.com,Dr.,1.0,Internal Medicine,11
216318,187701402,Kenneth,Mcdaniel,kenneth.mcdaniel@datacourse.com,Dr.,1.0,Family Medicine,8
216321,187718302,Jocelyn,Cochran,jocelyn.cochran@datacourse.com,Dr.,1.0,Pathology,22
216322,187719524,Jennifer,Frey,jennifer.frey@datacourse.com,Dr.,0.2,Internal Medicine,11
216324,187720252,Timothy,Hammond,timothy.hammond@datacourse.com,Dr.,0.88,Obstetrics & Gynecology,16
216326,187718874,Christine,Wallace,christine.wallace@datacourse.com,Dr.,1.0,Internal Medicine,11
216334,187719134,Ashley,Moses,ashley.moses@datacourse.com,Dr.,1.0,Surgery,2
216336,187716638,Laura,Lozano,laura.lozano@datacourse.com,Dr.,0.67,Obstetrics & Gynecology,16
216338,187722514,Monica,Lara,monica.lara@datacourse.com,Dr.,0.85,Obstetrics & Gynecology,16
216340,187711438,Karen,Heath,karen.heath@datacourse.com,Dr.,0.9,Diagnostic Radiology,30
216345,187711022,Sara,Mcintyre,sara.mcintyre@datacourse.com,Dr.,0.53,Psychiatry & Neurology,86
216347,187700726,Joseph,Arellano,joseph.arellano@datacourse.com,Dr.,0.9,Diagnostic Radiology,30
216349,187701792,Kathleen,Hancock,kathleen.hancock@datacourse.com,Dr.,1.0,Family Medicine,8
216350,187712634,Taylor,Hayes,taylor.hayes@datacourse.com,Dr.,1.0,Pediatrics,37
216351,187709384,Jay,Osborne,jay.osborne@datacourse.com,Dr.,0.18,Diagnostic Radiology,30
216352,187717210,Tyler,Dudley,tyler.dudley@datacourse.com,Dr.,0.92,Internal Medicine,11
216353,187714558,James,Nunez,james.nunez@datacourse.com,Dr.,0.81,Emergency Medicine,93
216354,187701428,Sarah,Grant,sarah.grant@datacourse.com,Dr.,0.3,Pediatrics,37
216360,187723710,Janet,Buckley,janet.buckley@datacourse.com,Dr.,0.95,Pathology,22
216368,187717496,Kimberly,Cortez,kimberly.cortez@datacourse.com,Dr.,0.9,Diagnostic Radiology,30
216374,187720902,Brett,Chan,brett.chan@datacourse.com,Dr.,1.0,Family Medicine,8
216377,187711074,Adam,Goodwin,adam.goodwin@datacourse.com,Dr.,1.0,Emergency Medicine,93
216378,187721760,Louis,Odom,louis.odom@datacourse.com,Dr.,0.65,Pathology,22
216382,187710060,Douglas,Fitzgerald,douglas.fitzgerald@datacourse.com,Dr.,0.7,Diagnostic Radiology,30
216383,187719654,Joel,Joseph,joel.joseph@datacourse.com,Dr.,0.95,Internal Medicine,11
216389,187702390,Heidi,Schroeder,heidi.schroeder@datacourse.com,Dr.,0.25,Internal Medicine,11
216390,187718458,Michael,Contreras,michael.contreras@datacourse.com,Dr.,0.5,Family Medicine,8
216391,187712270,Samuel,Ford,samuel.ford@datacourse.com,Dr.,0.56,Internal Medicine,11
216397,187703872,Jon,Koch,jon.koch@datacourse.com,Dr.,1.0,Diagnostic Radiology,30
216398,187715650,Nathan,Knapp,nathan.knapp@datacourse.com,Dr.,0.27,Internal Medicine,11
216399,187704080,Christopher,Barnes,christopher.barnes@datacourse.com,Dr.,1.0,Obstetrics & Gynecology,16
216402,187721266,Travis,Jackson,travis.jackson@datacourse.com,Dr.,1.0,Family Medicine,8
216405,187717782,Eric,Mitchell,eric.mitchell@datacourse.com,Dr.,0.73,Surgery - Vascular Surgery,77
216407,187707902,Timothy,Alvarez,timothy.alvarez@datacourse.com,Dr.,1.0,Family Medicine,8
216408,187706160,David,Blevins,david.blevins@datacourse.com,Dr.,1.0,Family Medicine,8
216412,187717184,Brenda,Hendricks,brenda.hendricks@datacourse.com,Dr.,0.0,Physical Medicine & Rehabilitation,25
216414,187722904,Jill,Braun,jill.braun@datacourse.com,Dr.,0.6,Pathology,22
216417,187720304,Amy,Frye,amy.frye@datacourse.com,Dr.,1.0,Orthopaedic Surgery,20
216419,187722228,Sandra,Sanders,sandra.sanders@datacourse.com,Dr.,1.0,Family Medicine,8
216421,187707122,Michelle,Herring,michelle.herring@datacourse.com,Dr.,0.85,Internal Medicine,11
216427,187723424,Heather,Erickson,heather.erickson@datacourse.com,Dr.,0.8,Pediatrics,37
216428,187704132,James,Santos,james.santos@datacourse.com,Dr.,0.85,Diagnostic Radiology,30
216432,187718068,Tara,Galvan,tara.galvan@datacourse.com,Dr.,0.05,Pathology,22
216435,187720486,William,Atkins,william.atkins@datacourse.com,Dr.,0.65,Diagnostic Radiology,30
216436,187723762,Henry,Stein,henry.stein@datacourse.com,Dr.,1.0,Obstetrics & Gynecology,16
216438,187700908,William,Hinton,william.hinton@datacourse.com,Dr.,0.3,Psychologist,68
216441,187719628,Mark,Marquez,mark.marquez@datacourse.com,Dr.,0.8,Emergency Medicine,93
216445,187719836,Marissa,Burton,marissa.burton@datacourse.com,Dr.,0.75,Pediatrics,37
216446,187711906,Angela,Rojas,angela.rojas@datacourse.com,Dr.,0.95,Nuclear Medicine,36
216451,187706446,Brittany,Duffy,brittany.duffy@datacourse.com,Dr.,0.86,Emergency Medicine,93
216452,187722202,Christina,Hood,christina.hood@datacourse.com,Dr.,1.0,Nuclear Medicine,36
216453,187712452,Todd,Davidson,todd.davidson@datacourse.com,Dr.,0.45,Family Medicine,8
216454,187714064,Ryan,Austin,ryan.austin@datacourse.com,Dr.,0.15,Internal Medicine,11
216455,187703196,Amanda,Garrison,amanda.garrison@datacourse.com,Dr.,0.68,Internal Medicine,11
216456,187709644,Amy,Morrison,amy.morrison@datacourse.com,Dr.,0.95,Diagnostic Radiology,30
216457,187702520,Peter,Hatfield,peter.hatfield@datacourse.com,Dr.,0.89,Pediatrics,37
216458,187713700,Ian,Dalton,ian.dalton@datacourse.com,Dr.,1.0,Family Medicine,8
216466,187711880,Samuel,Greer,samuel.greer@datacourse.com,Dr.,0.7,Diagnostic Radiology,30
216467,187711282,Monica,Mendoza,monica.mendoza@datacourse.com,Dr.,0.62,Family Medicine,8
216469,187707460,Aaron,Blair,aaron.blair@datacourse.com,Dr.,0.55,Pathology,22
216471,187712114,Lindsey,Salinas,lindsey.salinas@datacourse.com,Dr.,1.0,Pediatrics,37
216475,187700648,Kaitlyn,Kirk,kaitlyn.kirk@datacourse.com,Dr.,0.7,Pathology,22
216483,187709280,Gregory,Chapman,gregory.chapman@datacourse.com,Dr.,0.2,Diagnostic Radiology,30
216487,187700232,Russell,Rogers,russell.rogers@datacourse.com,Dr.,1.0,Diagnostic Radiology,30
216489,187722410,Martha,Davila,martha.davila@datacourse.com,Dr.,1.0,Internal Medicine,11
216492,187717080,Adam,Stephenson,adam.stephenson@datacourse.com,Dr.,1.0,Internal Medicine,11
216494,187704184,Shawn,Little,shawn.little@datacourse.com,Dr.,1.0,Diagnostic Radiology,30
216509,187704470,Matthew,Khan,matthew.khan@datacourse.com,Dr.,1.0,Family Medicine,8
216512,187715780,Phillip,Riley,phillip.riley@datacourse.com,Dr.,1.0,Emergency Medicine,93
216516,187723502,Joann,Brady,joann.brady@datacourse.com,Dr.,1.0,Obstetrics & Gynecology,16
216519,187709826,Amber,Chavez,amber.chavez@datacourse.com,Dr.,0.95,Diagnostic Radiology,30
216520,187710216,Wesley,Mcpherson,wesley.mcpherson@datacourse.com,Dr.,1.0,Pediatrics,37
216525,187722020,Matthew,Hunt,matthew.hunt@datacourse.com,Dr.,0.63,Internal Medicine,11
216526,187705926,Erin,Baird,erin.baird@datacourse.com,Dr.,0.49,Psychologist,68
216528,187712764,Christina,Dunn,christina.dunn@datacourse.com,Dr.,0.06,Psychiatry & Neurology,86
216532,187707928,Jacob,Holmes,jacob.holmes@datacourse.com,Dr.,1.0,Pediatrics,37
216537,187722592,Joseph,Sanford,joseph.sanford@datacourse.com,Dr.,1.0,Internal Medicine,11
216541,187712972,Alexa,Graves,alexa.graves@datacourse.com,Dr.,0.44,Orthopaedic Surgery,20
216545,187716482,Donna,Bates,donna.bates@datacourse.com,Dr.,0.9,Family Medicine,8
216546,187723684,Taylor,Ayers,taylor.ayers@datacourse.com,Dr.,0.6,Diagnostic Radiology,30
216549,187724204,Juan,Conway,juan.conway@datacourse.com,Dr.,0.76,Diagnostic Radiology,30
216550,187710346,Kenneth,Rollins,kenneth.rollins@datacourse.com,Dr.,0.7,Pediatrics,37
216551,187717834,Amanda,Holt,amanda.holt@datacourse.com,Dr.,0.9,Pediatrics,37
216552,187702598,Steve,Moss,steve.moss@datacourse.com,Dr.,0.4,Internal Medicine,11
216553,187711698,Ryan,Oconnell,ryan.oconnell@datacourse.com,Dr.,1.0,Internal Medicine,11
216555,187714090,Sarah,Park,sarah.park@datacourse.com,Dr.,1.0,Family Medicine,8
216556,187721604,Scott,Gamble,scott.gamble@datacourse.com,Dr.,0.3,Internal Medicine,11
216558,187709878,Olivia,Chen,olivia.chen@datacourse.com,Dr.,0.9,Obstetrics & Gynecology,16
216560,187719940,Katie,Cohen,katie.cohen@datacourse.com,Dr.,1.0,Pediatrics,37
216562,187701220,Angela,Baldwin,angela.baldwin@datacourse.com,Dr.,0.55,Internal Medicine,11
216564,187715130,Teresa,Ashley,teresa.ashley@datacourse.com,Dr.,0.95,Pathology,22
216565,187709774,Curtis,Tucker,curtis.tucker@datacourse.com,Dr.,0.5,Internal Medicine,11
216571,187711464,Jennifer,Hull,jennifer.hull@datacourse.com,Dr.,1.0,Surgery - Surgical Oncology,91
216576,187708292,Brittany,Carey,brittany.carey@datacourse.com,Dr.,0.33,Orthopaedic Surgery,20
216577,187705484,Steven,Nielsen,steven.nielsen@datacourse.com,Dr.,0.69,Obstetrics & Gynecology,16
216580,187705978,Ann,Weeks,ann.weeks@datacourse.com,Dr.,0.92,Obstetrics & Gynecology,16
216582,187702832,Patricia,Wheeler,patricia.wheeler@datacourse.com,Dr.,0.9,Orthopaedic Surgery,20
216584,187718718,Michael,Dominguez,michael.dominguez@datacourse.com,Dr.,0.4,Internal Medicine,11
216585,187720850,Erik,Gregory,erik.gregory@datacourse.com,Dr.,0.95,Internal Medicine,11
216586,187708838,Ashley,Francis,ashley.francis@datacourse.com,Dr.,1.0,Ophthalmology,18
216587,187718900,Craig,Cooley,craig.cooley@datacourse.com,Dr.,1.0,Internal Medicine,11
216589,187700544,Mark,Schmitt,mark.schmitt@datacourse.com,Dr.,1.0,Family Medicine,8
216590,187704054,Mary,Banks,mary.banks@datacourse.com,Dr.,1.0,Emergency Medicine,93
216592,187722852,Danielle,Kemp,danielle.kemp@datacourse.com,Dr.,0.47,Diagnostic Radiology,30
216593,187709592,Alicia,Merritt,alicia.merritt@datacourse.com,Dr.,0.97,Internal Medicine,11
216595,187719212,Matthew,Hardy,matthew.hardy@datacourse.com,Dr.,0.3,Internal Medicine,11
216597,187702286,Steven,Grimes,steven.grimes@datacourse.com,Dr.,1.0,Emergency Medicine,93
216599,187716508,Connor,Todd,connor.todd@datacourse.com,Dr.,1.0,Family Medicine,8
216602,187721344,Jessica,Daniel,jessica.daniel@datacourse.com,Dr.,0.47,Pediatrics,37
216604,187714818,Tyler,Logan,tyler.logan@datacourse.com,Dr.,0.57,Family Medicine,8
216605,187703560,Miranda,Pena,miranda.pena@datacourse.com,Dr.,0.96,Family Medicine,8
216612,187700336,Sharon,Murray,sharon.murray@datacourse.com,Dr.,0.95,Diagnostic Radiology,30
216613,187712374,Russell,Hensley,russell.hensley@datacourse.com,Dr.,0.5,Family Medicine,8
216619,187710840,William,Colon,william.colon@datacourse.com,Dr.,0.77,Internal Medicine,11
216625,187721578,Samantha,Haynes,samantha.haynes@datacourse.com,Dr.,1.0,Emergency Medicine,93
216626,187718276,Anthony,Harper,anthony.harper@datacourse.com,Dr.,1.0,Internal Medicine,11
216627,187708942,Heidi,Castro,heidi.castro@datacourse.com,Dr.,0.8,Surgery,2
216628,187707304,Lauren,Evans,lauren.evans@datacourse.com,Dr.,0.85,Internal Medicine,11
216629,187723346,Mary,Ingram,mary.ingram@datacourse.com,Dr.,0.9,Internal Medicine,11
216631,187718510,Preston,Macias,preston.macias@datacourse.com,Dr.,1.0,Emergency Medicine,93
216639,187721682,Luke,Rowe,luke.rowe@datacourse.com,Dr.,0.13,Family Medicine,8
216641,187701272,Dawn,Stafford,dawn.stafford@datacourse.com,Dr.,0.2,Pathology,22
216643,187705796,Christine,Dillon,christine.dillon@datacourse.com,Dr.,0.4,Psychologist,68
216644,187714532,Rhonda,Lucas,rhonda.lucas@datacourse.com,Dr.,0.55,Surgery - Vascular Surgery,77
216650,187723268,Heather,Freeman,heather.freeman@datacourse.com,Dr.,1.0,Internal Medicine,11
216651,187719316,Shelley,Huffman,shelley.huffman@datacourse.com,Dr.,0.26,Ophthalmology,18
216654,187718406,Jennifer,Doyle,jennifer.doyle@datacourse.com,Dr.,0.18,Psychologist,68
216656,187715494,Samantha,Floyd,samantha.floyd@datacourse.com,Dr.,0.93,Internal Medicine,11
216659,187716118,Rebecca,Barron,rebecca.barron@datacourse.com,Dr.,1.0,Internal Medicine,11
216660,187714038,Shawn,Tran,shawn.tran@datacourse.com,Dr.,0.5,Internal Medicine,11
216661,187700180,Christopher,Mckinney,christopher.mckinney@datacourse.com,Dr.,0.95,Diagnostic Radiology,30
216665,187720044,Timothy,Weaver,timothy.weaver@datacourse.com,Dr.,0.75,Internal Medicine,11
216667,187718744,Timothy,Jennings,timothy.jennings@datacourse.com,Dr.,0.8,Transplant Surgery,C9
216668,187705380,Michael,Haney,michael.haney@datacourse.com,Dr.,0.83,Internal Medicine,11
216672,187722956,Ryan,Terrell,ryan.terrell@datacourse.com,Dr.,0.85,Surgery,2
216674,187702468,Gary,Hartman,gary.hartman@datacourse.com,Dr.,0.65,Obstetrics & Gynecology,16
216675,187713050,Marie,Boyd,marie.boyd@datacourse.com,Dr.,0.8,Internal Medicine,11
216678,187703742,Eric,Medina,eric.medina@datacourse.com,Dr.,0.27,Obstetrics & Gynecology,16
216680,187723008,Anna,Taylor,anna.taylor@datacourse.com,Dr.,1.0,Internal Medicine,11
216681,187719576,Robert,Mcgee,robert.mcgee@datacourse.com,Dr.,0.15,Internal Medicine,11
216682,187710502,Cesar,Brooks,cesar.brooks@datacourse.com,Dr.,1.0,Internal Medicine,11
216684,187701168,Jason,Hoffman,jason.hoffman@datacourse.com,Dr.,0.17,Psychologist,68
216686,187712478,Lisa,Livingston,lisa.livingston@datacourse.com,Dr.,1.0,Thoracic Surgery (Cardiothoracic Vascular Surgery),33
216688,187714350,Darrell,Lawrence,darrell.lawrence@datacourse.com,Dr.,0.6,Family Medicine,8
216690,187722826,Kara,Mccullough,kara.mccullough@datacourse.com,Dr.,1.0,Emergency Medicine,93
216691,187710814,Martha,Garrett,martha.garrett@datacourse.com,Dr.,1.0,Plastic Surgery,24
216697,187710710,Laura,Gallagher,laura.gallagher@datacourse.com,Dr.,0.57,Diagnostic Radiology,30
216699,187704704,Jacob,Moody,jacob.moody@datacourse.com,Dr.,1.0,Surgery - Surgical Critical Care,28
216702,187722488,Michelle,Morgan,michelle.morgan@datacourse.com,Dr.,0.9,Diagnostic Radiology,30
216707,187704210,Alicia,Casey,alicia.casey@datacourse.com,Dr.,0.67,Internal Medicine,11
216708,187714142,Justin,Aguirre,justin.aguirre@datacourse.com,Dr.,0.76,Diagnostic Radiology,30
216710,187714376,Anthony,Ramsey,anthony.ramsey@datacourse.com,Dr.,0.93,Psychiatry & Neurology,86
216713,187702754,Jennifer,Schaefer,jennifer.schaefer@datacourse.com,Dr.,1.0,Internal Medicine,11
216716,187723970,Eric,Hamilton,eric.hamilton@datacourse.com,Dr.,0.55,Obstetrics & Gynecology,16
216725,187713414,Jacob,Downs,jacob.downs@datacourse.com,Dr.,0.15,Internal Medicine,11
216727,187713466,Scott,Friedman,scott.friedman@datacourse.com,Dr.,0.97,Obstetrics & Gynecology,16
216731,187716456,Rebecca,Nolan,rebecca.nolan@datacourse.com,Dr.,0.95,Diagnostic Radiology,30
216732,187711984,Julie,Manning,julie.manning@datacourse.com,Dr.,1.0,Internal Medicine,11
216733,187716820,Jeremy,Porter,jeremy.porter@datacourse.com,Dr.,0.65,Internal Medicine,11
216734,187708864,Kathleen,Aguilar,kathleen.aguilar@datacourse.com,Dr.,0.75,Diagnostic Radiology,30
216735,187703690,Stephanie,Gill,stephanie.gill@datacourse.com,Dr.,0.71,Diagnostic Radiology,30
216736,187706342,Matthew,Stokes,matthew.stokes@datacourse.com,Dr.,1.0,Obstetrics & Gynecology,16
216738,187713804,James,Hurley,james.hurley@datacourse.com,Dr.,1.0,Internal Medicine,11
216742,187720720,Dominique,Jones,dominique.jones@datacourse.com,Dr.,0.48,Obstetrics & Gynecology,16
216744,187722150,Manuel,Cummings,manuel.cummings@datacourse.com,Dr.,0.8,Pediatrics,37
216747,187723528,Miguel,Molina,miguel.molina@datacourse.com,Dr.,0.92,Family Medicine,8
216748,187706784,Anthony,Hurst,anthony.hurst@datacourse.com,Dr.,0.82,Internal Medicine,11
216752,187704964,Justin,Whitehead,justin.whitehead@datacourse.com,Dr.,0.91,Internal Medicine,11
216758,187710580,Mario,Perez,mario.perez@datacourse.com,Dr.,0.97,Obstetrics & Gynecology,16
216760,187704600,Mario,Paul,mario.paul@datacourse.com,Dr.,0.85,Internal Medicine,11
216761,187710372,Daniel,Frazier,daniel.frazier@datacourse.com,Dr.,1.0,Diagnostic Radiology,30
216762,187702338,Michelle,Short,michelle.short@datacourse.com,Dr.,1.0,Internal Medicine,11
216764,187705354,Austin,Hogan,austin.hogan@datacourse.com,Dr.,0.5,Family Medicine,8
216767,187710788,Christine,Escobar,christine.escobar@datacourse.com,Dr.,0.9,Internal Medicine,11
216768,187723632,Melissa,Everett,melissa.everett@datacourse.com,Dr.,0.95,Diagnostic Radiology,30
216769,187719186,Robert,Mccarthy,robert.mccarthy@datacourse.com,Dr.,0.9,Internal Medicine,11
216773,187706472,Patricia,Mcbride,patricia.mcbride@datacourse.com,Dr.,0.8,Physical Medicine & Rehabilitation,25
216780,187717730,Amy,Ramirez,amy.ramirez@datacourse.com,Dr.,1.0,Internal Medicine,11
216782,187701870,Steven,Glover,steven.glover@datacourse.com,Dr.,0.26,Internal Medicine,11
216785,187714610,Julie,Patrick,julie.patrick@datacourse.com,Dr.,1.0,Thoracic Surgery (Cardiothoracic Vascular Surgery),33
216787,187711360,Misty,Schultz,misty.schultz@datacourse.com,Dr.,0.78,Internal Medicine,11
216791,187717522,Julie,Calderon,julie.calderon@datacourse.com,Dr.,1.0,Obstetrics & Gynecology,16
216798,187707616,Maria,Barajas,maria.barajas@datacourse.com,Dr.,1.0,Pediatrics,37
216799,187723320,Matthew,Galloway,matthew.galloway@datacourse.com,Dr.,0.95,Diagnostic Radiology,30
216800,187720070,Ruben,Reynolds,ruben.reynolds@datacourse.com,Dr.,0.63,Surgery - Vascular Surgery,77
216805,187709072,Jeffrey,Maxwell,jeffrey.maxwell@datacourse.com,Dr.,0.6,Surgery,2
216806,187717678,Emily,Avila,emily.avila@datacourse.com,Dr.,0.16,Orthopaedic Surgery,20
216813,187711230,Ashley,Ray,ashley.ray@datacourse.com,Dr.,1.0,Family Medicine,8
216814,187704834,Cory,Zamora,cory.zamora@datacourse.com,Dr.,0.3,Surgery - Vascular Surgery,77
216816,187704002,Christopher,Shannon,christopher.shannon@datacourse.com,Dr.,0.85,Surgery,2
216819,187721058,Amanda,Howard,amanda.howard@datacourse.com,Dr.,0.85,Pathology,22
216820,187702442,Karen,Beasley,karen.beasley@datacourse.com,Dr.,1.0,Internal Medicine,11
216823,187722696,Larry,Cantrell,larry.cantrell@datacourse.com,Dr.,0.4,Pathology,22
216824,187703352,Robin,Moore,robin.moore@datacourse.com,Dr.,0.68,Emergency Medicine,93
216826,187706654,Samantha,Hughes,samantha.hughes@datacourse.com,Dr.,0.7,Internal Medicine,11
216827,187701142,James,Wolfe,james.wolfe@datacourse.com,Dr.,0.38,Orthopaedic Surgery,20
216828,187716274,Kimberly,Nicholson,kimberly.nicholson@datacourse.com,Dr.,1.0,Thoracic Surgery (Cardiothoracic Vascular Surgery),33
216829,187719004,Alexandra,Parsons,alexandra.parsons@datacourse.com,Dr.,0.5,Diagnostic Radiology,30
216832,187723086,Steven,Murphy,steven.murphy@datacourse.com,Dr.,0.95,Diagnostic Radiology,30
216834,187716976,Cody,Whitney,cody.whitney@datacourse.com,Dr.,1.0,Neurological Surgery,14
216836,187703950,Courtney,Kramer,courtney.kramer@datacourse.com,Dr.,0.6,Pediatrics,37
216840,187708344,David,Jarvis,david.jarvis@datacourse.com,Dr.,1.0,Physical Medicine & Rehabilitation,25
216842,187717262,Caitlin,Mueller,caitlin.mueller@datacourse.com,Dr.,0.6,Pediatrics,37
216844,187721448,Amy,Watkins,amy.watkins@datacourse.com,Dr.,1.0,Family Medicine,8
216850,187713102,Michelle,Pearson,michelle.pearson@datacourse.com,Dr.,1.0,Internal Medicine,11
216854,187702364,Alice,Rivers,alice.rivers@datacourse.com,Dr.,1.0,Diagnostic Radiology,30
216856,187714454,Maria,Burnett,maria.burnett@datacourse.com,Dr.,0.6,Emergency Medicine,93
216858,187701480,David,Wolf,david.wolf@datacourse.com,Dr.,0.4,Internal Medicine,11
216862,187700622,Anthony,Mejia,anthony.mejia@datacourse.com,Dr.,1.0,Internal Medicine,11
216863,187719394,Robert,Carson,robert.carson@datacourse.com,Dr.,1.0,Surgery,2
216864,187705224,Spencer,Shah,spencer.shah@datacourse.com,Dr.,0.2,Surgery,2
216867,187711386,Elizabeth,Mcgrath,elizabeth.mcgrath@datacourse.com,Dr.,0.95,Emergency Medicine,93
216869,187720434,Samantha,Suarez,samantha.suarez@datacourse.com,Dr.,0.9,Obstetrics & Gynecology,16
216871,187705952,Kevin,Eaton,kevin.eaton@datacourse.com,Dr.,0.88,Pediatrics,37
216872,187707850,Melissa,Mack,melissa.mack@datacourse.com,Dr.,1.0,Internal Medicine,11
216873,187708214,Hannah,Burke,hannah.burke@datacourse.com,Dr.,0.9,Surgery,2
216874,187705614,Gina,Robles,gina.robles@datacourse.com,Dr.,0.92,Internal Medicine,11
216875,187709982,Duane,Bowers,duane.bowers@datacourse.com,Dr.,0.6,Internal Medicine,11
216877,187724048,Brandon,Bennett,brandon.bennett@datacourse.com,Dr.,0.95,Internal Medicine,11
216880,187708656,Timothy,Simon,timothy.simon@datacourse.com,Dr.,1.0,Family Medicine,8
216883,187713128,Christopher,Keller,christopher.keller@datacourse.com,Dr.,0.8,Pathology,22
216886,187703222,Emily,Pham,emily.pham@datacourse.com,Dr.,1.0,Pediatrics,37
216887,187721942,Pamela,Wu,pamela.wu@datacourse.com,Dr.,0.4,Pediatrics,37
216888,187708604,Donald,Hudson,donald.hudson@datacourse.com,Dr.,0.6,Family Medicine,8
216889,187700388,Amber,Huff,amber.huff@datacourse.com,Dr.,0.4,Thoracic Surgery (Cardiothoracic Vascular Surgery),33
216893,187703664,Kristi,Pugh,kristi.pugh@datacourse.com,Dr.,0.6,Pathology,22
216894,187704938,Lisa,Mcmahon,lisa.mcmahon@datacourse.com,Dr.,0.8,Family Medicine,8
216896,187710034,Scott,Waller,scott.waller@datacourse.com,Dr.,0.6,Internal Medicine,11
216897,187701064,Pamela,Branch,pamela.branch@datacourse.com,Dr.,0.7,Internal Medicine,11
216898,187706316,Kristopher,Bishop,kristopher.bishop@datacourse.com,Dr.,0.7,Family Medicine,8
216900,187703300,Robert,Price,robert.price@datacourse.com,Dr.,0.94,Internal Medicine,11
216902,187712088,Robert,Mclaughlin,robert.mclaughlin@datacourse.com,Dr.,1.0,Internal Medicine,11
216903,187709436,Brenda,Duarte,brenda.duarte@datacourse.com,Dr.,0.8,Family Medicine,8
216904,187722046,Jessica,Moran,jessica.moran@datacourse.com,Dr.,0.75,Diagnostic Radiology,30
216907,187716352,Fred,Allison,fred.allison@datacourse.com,Dr.,0.95,Pathology,22
216908,187714168,Brett,Chandler,brett.chandler@datacourse.com,Dr.,1.0,Internal Medicine,11
216909,187710658,Nicholas,Chang,nicholas.chang@datacourse.com,Dr.,1.0,Nuclear Medicine,36
216911,187724256,Colleen,Wall,colleen.wall@datacourse.com,Dr.,0.8,Family Medicine,8
216913,187718042,Nicholas,Valentine,nicholas.valentine@datacourse.com,Dr.,0.75,Family Medicine,8
216915,187722670,Timothy,Patterson,timothy.patterson@datacourse.com,Dr.,0.78,Internal Medicine,11
216916,187724230,Joseph,Larsen,joseph.larsen@datacourse.com,Dr.,1.0,Family Medicine,8
216918,187711308,Travis,Robertson,travis.robertson@datacourse.com,Dr.,0.6,Family Medicine,8
216919,187704314,Thomas,Bradford,thomas.bradford@datacourse.com,Dr.,0.53,Family Medicine,8
216922,187702988,Teresa,Ball,teresa.ball@datacourse.com,Dr.,0.9,Obstetrics & Gynecology,16
216923,187723892,Joanne,Ewing,joanne.ewing@datacourse.com,Dr.,0.95,Diagnostic Radiology,30
216924,187709150,Philip,Robbins,philip.robbins@datacourse.com,Dr.,1.0,Internal Medicine,11
216926,187707720,Vicki,Washington,vicki.washington@datacourse.com,Dr.,0.97,Obstetrics & Gynecology,16
216928,187708266,Jennifer,Roberts,jennifer.roberts@datacourse.com,Dr.,0.6,Pediatrics,37
216930,187705640,Jamie,Shea,jamie.shea@datacourse.com,Dr.,0.85,Diagnostic Radiology,30
216934,187714506,Sandy,Owen,sandy.owen@datacourse.com,Dr.,0.8,Diagnostic Radiology,30
216935,187705276,Samantha,Walker,samantha.walker@datacourse.com,Dr.,0.76,Diagnostic Radiology,30
216937,187720798,Julie,Love,julie.love@datacourse.com,Dr.,0.92,Internal Medicine,11
216943,187701766,Jason,Huerta,jason.huerta@datacourse.com,Dr.,1.0,Family Medicine,8
216945,187707980,Michelle,Barton,michelle.barton@datacourse.com,Dr.,1.0,Family Medicine,8
216950,187714766,Brandy,Abbott,brandy.abbott@datacourse.com,Dr.,0.9,Pediatrics,37
216998,187703014,Lauren,Bender,lauren.bender@datacourse.com,Dr.,0.17,Internal Medicine,11
217022,187708162,Wanda,Kim,wanda.kim@datacourse.com,Dr.,0.44,Psychologist,68
217038,187712348,Evan,White,evan.white@datacourse.com,Dr.,0.49,Psychologist,68
217072,187717626,Aaron,Frederick,aaron.frederick@datacourse.com,Dr.,0.2,Physical Medicine & Rehabilitation,25
217089,187718692,Ashley,Jimenez,ashley.jimenez@datacourse.com,Dr.,0.4,Obstetrics & Gynecology,16
217113,187717366,Amanda,Carrillo,amanda.carrillo@datacourse.com,Dr.,0.35,Pediatrics,37
217122,187700674,Michael,Choi,michael.choi@datacourse.com,Dr.,0.7,Obstetrics & Gynecology,16
217130,187711568,Richard,Carter,richard.carter@datacourse.com,Dr.,0.06,Obstetrics & Gynecology,16
217142,187719810,Marcus,Sawyer,marcus.sawyer@datacourse.com,Dr.,0.4,Diagnostic Radiology,30
217237,187716950,Nina,Leach,nina.leach@datacourse.com,Dr.,0.18,Internal Medicine,11
217390,187707096,Catherine,Tapia,catherine.tapia@datacourse.com,Dr.,0.26,Pediatrics,37
217472,187715156,Karen,Patel,karen.patel@datacourse.com,Dr.,0.34,Urology,34
218243,187709852,Nicholas,Pitts,nicholas.pitts@datacourse.com,Dr.,1.0,Internal Medicine,11
218365,187716872,Dana,Spencer,dana.spencer@datacourse.com,Dr.,0.21,Family Medicine,8
